ALCOHOL   17,酒精专题 (ALCOHOL) - 17题,,DISTANCES   25,距离专题 (DISTANCES) - 25题,,ACCIDENT   13,事故专题 (ACCIDENT) - 13题,,HIGHWAY   27,高速公路专题 (HIGHWAY) - 27题,,ROUTE   28,路线专题 (ROUTE) - 28题,,CROSSINGS - GENERALLY   22,路口综合专题 (CROSSINGS - GENERALLY) - 22题,,CROSSINGS - RIGHT PRIORITY   21,路口优先权专题 (CROSSINGS - RIGHT PRIORITY) - 21题,,CROSSINGS - PLATES   26,路口标志专题 (CROSSINGS - PLATES) - 26题,,ROAD SIGNS - RAILROAD   21,信号灯与铁路道口专题 (ROAD SIGNS - RAILROAD) - 21题,,ROAD SIGNS - TRAFFIC POLICEMAN   17,交警指挥专题 (ROAD SIGNS - TRAFFIC POLICEMAN) - 17题,,ENTRANCE   7,入口专题 (ENTRANCE) - 7题,,EMERGENCY   19,紧急情况专题 (EMERGENCY) - 19题,,RULES   15,法规专题 (RULES) - 15题,,DRIVER   19,驾驶员专题 (DRIVER) - 19题,,ROAD SURFACE   22,路面标线专题 (ROAD SURFACE) - 22题,,ECOLOGY   13,环保专题 (ECOLOGY) - 13题,,VISIBILITY   20,能见度专题 (VISIBILITY) - 20题,,INSTRUMENTS   14,操作专题 (INSTRUMENTS) - 8题,,ENVIRONMENT   24,环保专题 (ENVIRONMENT) - 24题,,OVERTAKE   38,超车专题 (OVERTAKE) - 38题,,ADHESION   12,附着力专题 (ADHESION) - 12题,,ROAD SIGNS - PROHIBITION   45,禁令标志专题 (ROAD SIGNS - PROHIBITION) - 45题,,ROAD SIGNS - MOTORWAY   10,高速公路标志专题 (ROAD SIGNS - MOTORWAY) - 10题,,ROAD SIGNS - ROAD LINES   8,路面标线专题 (ROAD LINES) - 8题,,ROAD SIGNS - DIRECTIONS   15,方向指示专题 (ROAD SIGNS - DIRECTIONS) - 15题,,ROAD SIGNS - DANGER   45,危险标志专题 (ROAD SIGNS - DANGER) - 45题,,ROAD SIGNS - INFORMATIONAL   63,信息标志专题 (ROAD SIGNS - INFORMATIONAL) - 63题,,ROAD SIGNS - ADDITIVES   9,辅助标志专题 (ROAD SIGNS - ADDITIVES) - 9题,,ROAD SIGNS - PRIORITY   9,优先权标志专题 (ROAD SIGNS - PRIORITY) - 9题,,ROAD SIGNS - TRAFFIC LIGHTS   6,信号灯专题 (ROAD SIGNS - TRAFFIC LIGHTS) - 6题,,ROAD SIGNS - OBLIGATION   19,强制标志专题 (ROAD SIGNS - OBLIGATION) - 19题,,PARKING   42,停车专题 (PARKING) - 42题,,TURNS   15,弯道专题 (TURNS) - 15题,,MAINTENANCE   56,保养专题 (MAINTENANCE) - 56题,,SHARED USERS   42,交通礼让专题 (SHARED USERS) - 42题,,SPEED   20,车速专题 (SPEED) - 20题
"The consumption of alcohol:
1) Makes you overestimate your actual abilities.
2) Reduces your reaction time.","饮酒（消耗酒精）会导致：
√ 1) 使你高估自己的实际能力。
2) 缩短你的反应时间。",,"The minimum safety distance to be kept when following a vehicle corresponds to:
1) The reaction time multiplied by one.
2) The reaction time multiplied by two.
3) The reaction time multiplied by three.","跟随前车时应保持的最小安全距离相当于：
1) 反应时间内行驶的距离。
√ 2) 反应时间内行驶距离的两倍。
3) 反应时间内行驶距离的三倍。",,"Does helping a person who is in danger mean that you must remain near them in order to offer assistance?
1) YES
2) NO","帮助处于危险中的人是否意味着你必须留在他们身边提供协助？
√ 1) 是的
2) 不是",,"Emergency stop is a stop of the vehicle, where:
1) The vehicle has a failure or the driver does not feel well.
2) A passenger wishes to take a photograph of a landscape.","什么是紧急停车（Emergency stop）？
√ 1) 车辆发生故障或司机身体不适时的停车。
2) 乘客想停车拍摄风景。",,"For long drives you should mainly follow the directional traffic signs with a:
1) Blue and green background.
2) White background.","进行长途驾驶时，你应主要跟随哪种背景颜色的方向指示牌？
√ 1) 蓝色和绿色背景。
2) 白色背景。",,"You are approaching a crossroads and wish to turn left (at it). The first thing you should do is:
1) To brake.
2) To check the mirrors.
3) To switch on the left indicator.","你正接近一个十字路口并打算左转。你首先应该做的是：
1) 刹车。
√ 2) 检查后视镜。
3) 开启左转向灯。",,"In which of the following cases the vehicle moving on the right does not have priority?
1) When entering an expressway.
2) When the vehicle moving on its left is a lorry.
3) When the vehicle moving on its left is a city bus.","在下列哪种情况下，从右侧驶来的车辆不享有优先权？
√ 1) 进入快速路（Expressway）时。
2) 当其左侧行驶的车辆是货车时。
3) 当其左侧行驶的车辆是市公共汽车时。",,"When you meet this traffic sign:
1) You should give priority at the next crossroads.
2) At the next crossroads you will have the right of way.","当你遇到这个交通标志时：
1) 你应该在下一个路口让行。
√ 2) 在下一个路口你将拥有优先权。",,"You are approaching a crossroad at a speed of around 50 km/h where there are traffic lights. 5 m before the crossroads the light changes from green to amber. What should you do?
1) You should continue your course, because you do not have the time to immobilise your vehicle before the crossroads.
2) You should stop, because you have the time to immobilise your vehicle before the crossroad.","你以约 50 公里/小时的速度接近一个有信号灯的路口。在距离路口 5 米处，绿灯变为黄灯。你应该怎么办？
√ 1) 你应该继续行驶，因为你没有足够的时间在路口前平稳停车。
2) 你应该停车，因为你有时间在路口前停车。",,"Does the red traffic light prevail over a traffic policeman?
1) YES
2) NO","红灯的效力是否高于交警？
1) 是的
√ 2) 不是（交警指令优先于红绿灯）",,"An acceleration lane is:
1) A lane which permits a safe entry to a motorway or expressway.
2) A lane which finishes by a STOP traffic sign.","加速车道（Acceleration lane）是：
√ 1) 允许安全进入高速公路或快速路的行车道。
2) 以 STOP 交通标志结束的行车道。",,"You should sound the horn:
1) To inform other road users of your presence in case of danger or emergency.
2) To communicate with other road users.
3) To show your irritation to other road users.","你应该鸣笛的情况是：
√ 1) 在危险或紧急情况下提醒其他道路使用者你的存在。
2) 与其他道路使用者进行交流。
3) 向其他道路使用者表达你的愤怒。",,"If you reach the maximum penalty point limit:
1) You will be disqualified and in order to drive again you will have to retake the examination.
2) The licence will be seized.","如果你达到了最高扣分限额：
√ 1) 你将被取消驾驶资格，若想重新开车必须重新参加考试。
2) 行驶证将被没收。",,"The best way to park the vehicle on a slope is to:
1) Put on the handbrake firmly, place a support under one of the wheels and secure it by engaging a gear (first or reverse).
2) Put on the handbrake firmly.","在坡道上停车的最佳方式是：
√ 1) 用力拉紧手刹，在一个车轮下放置支垫，并挂入挡位（1挡或倒挡）以确保安全。
2) 仅用力拉紧手刹。",,"What should you do in order to change lane?
1) Check the mirrors and inform in good time the drivers that follow of your intention using the direction indicators.
2) Use the direction indicators only when the vehicle that follows is very close to you.
3) Nothing, as long as the vehicle that follows keeps well behind your vehicle.","为了变换车道，你应该怎么做？
√ 1) 检查后视镜，并提前使用方向灯告知后方司机你的意图。
2) 仅在后方车辆离你非常近时才使用方向灯。
3) 什么都不用做，只要后方车辆与你保持较远距离。",,"Driving your car with a roof rack, even without load :
1) the fuel consumption is increased
2) the fuel consumption is reduced
3) the fuel consumption is not affected","加装车顶架行驶（即便不载货时）：
√ 1) 油耗会增加。
2) 油耗会减少。
3) 油耗不受影响。",,"In case of a heavy rain, you should switch on:
1) The rear fog lights.
2) The dipped headlights and the front fog lights.
3) The side lights only.","在下大雨的情况下，你应该开启：
1) 后雾灯。
√ 2) 近光灯（Dipped headlights）和前雾灯。
3) 仅开启侧灯（示宽灯）。",,"You are driving having engaged the 4th gear, the engine is jerking and runs the risk of stopping:
1) You must change into the 3rd gear.
2) You must change into the 5th gear.","你正以 4 档行驶，发动机出现剧烈抖动并有熄火风险：
√ 1) 你必须换入 3 档（减档以增加动力）。
2) 你必须换入 5 档。",,"The triode catalytic converters reduce the emission of carbon monoxide, oxide of nitrogen and hydrocarbons by up to:
1) 50%.
2) 70%.
3) 90%.","三元催化转换器（Triode catalytic converters）最多可减少一氧化碳、氮氧化物和碳氢化合物的排放达：
1) 50%。
2) 70%。
√ 3) 90%。",,"In order to go past a pedestrian, you should leave a side distance of at least:
1) 0,50 m.
2) 1 m.
3) 1,5 m.","为了超越一名行人，你应留出的侧向距离至少为：
1) 0.50 米。
√ 2) 1 米。
3) 1.5 米。",,"The tyre grip on a wet road is reduced when compared to a dry road, by:
1) 25%.
2) 50%.
3) 75%.","与干燥路面相比，潮湿路面的轮胎抓地力会降低：
1) 25%。
√ 2) 50%。
3) 75%。",,"Traffic signs with a red circular outline indicate:
1) Notice of dangerous places.
2) Information.
3) Limitation or prohibition.","红色圆圈轮廓的交通标志表示：
1) 危险地点的通知。
2) 指示信息。
√ 3) 限制或禁止。",,"What does this traffic sign mean?
1) Notice of approaching a two-level motor-way interchange.
2) Notice of approaching an expressway intersection.
3) Notice of approaching a highway intersection.","这个交通标志（立体交叉图标）是什么意思？
√ 1) 预告即将到达一个立体交叉的高速公路互通枢纽。
2) 预告即将到达一个快速路路口。
3) 预告即将到达一个普通公路路口。",,"Can you find an acceleration lane only in a motorway?
1) YES
2) NO","加速车道（Acceleration lane）是否只能在高速公路上看到？
1) 是的
√ 2) 不是（快速路或大型干道也可能有）。",,"This traffic sign warns you of?
1) An exit from an expressway at a distance of 200 m.
2) Two exits from an expressway at a distance of 200 m.
3) Three exits from an expressway at a distance of 200 m.","这个交通标志（出口预告牌）提醒你：
1) 在 200 米处有一个快速路出口。
√  2) 在 200 米处有两个快速路出口。
3) 在 200 米处有三个快速路出口。",,"This traffic sign means:
1) Dangerous rough road surface in a bad condition, with pot-holes, etc.
2) Deep pot-hole.","这个交通标志表示：
√ 1) 路面状况糟糕且危险，有坑洼等。
2) 深坑。",,"What does this traffic sign mean?
1) Upper (superterrestrial) pedestrian crossing.
2) Lower (underground) pedestrian crossing.
3) Two-level pedestrian crossing without stairs.","这个交通标志是什么意思？
1) 人行天桥。
√ 2) 人行地下通道。
3) 无阶梯的双层人行过道。",,"When you meet this combination of traffic signs, are you driving in a priority road?
1) YES
2) NO","当你遇到这种组合交通标志（带有主路路径示意图的优先权标志）时，你是否行驶在优先权道路上？
√ 1) 是的
2) 不是",,"What should you do if you saw this traffic sign in a place other than an interchange?
1) Stop at the sign and move off again when this is safe.
2) Pass carefully without stopping.","如果你在非立交桥的地方看到这个标志（STOP），你应该怎么办？
√ 1) 在标志处停车，并在安全时重新起步。
2) 小心通过而不停车。",,"Reaching the traffic light at a speed of 50 km/h, it changes to amber:
1) You should brake hard and stop in all cases.
2) Since you are very close to the traffic light, you should go past it so as to avoid possible dangers from the sudden stop.","以 50 公里/小时的速度接近红绿灯时，灯变为黄灯：
1) 你应在任何情况下都紧急刹车并停车。
√ 2) 由于你离红绿灯非常近，你应通过它，以避免因突然停车可能产生的危险。",,"Traffic signs with a blue circular background indicate:
1) An obligation.
2) A notice of dangerous positions.
3) A prohibition.","蓝色圆形背景的交通标志表示：
√ 1) 一项强制性义务（你必须做某事）。
2) 危险位置的通知。
3) 一项禁止（你不准做某事）。",,"Are you allowed to park just on the right of the traffic sign in an array (vertically to the pavement), and why?
1) No, because parking is forbidden at a distance of 10 m from this sign.
2) Yes, because parking is forbidden after 10 m from this sign.","你被允许在这个交通标志（如STOP或优先权标志）右侧垂直于人行道停车吗？为什么？
√ 1) 不允许，因为该标志前后 10 米内禁止停车。
2) 可以，因为该标志 10 米后才禁止停车。",,"Does this traffic sign stress successive bends for a distance of 200 m?
1) YES
2) NO","这个交通标志（带有200m辅助牌的弯道标志）是否强调在 200 米的距离内有连续弯道？
1) 是的
√ 2) 不是（如果数字旁没有向上箭头，代表 200 米之后才到达弯道）。",,"You should not fit to your vehicle:
1) Tyres of different construction on the same axle
2) Tyres of the same construction on all axles.","你不应该在车辆上安装：
√ 1) 同一车轴上安装结构不同的轮胎。
2) 所有车轴上安装结构相同的轮胎。",,"As you are being prepared to overtake, you notice the light of a moped through the exterior mirror:
1) You should speed up before the moped reaches you.
2) You should wait for the moped to pass first and then you should overtake.","当你准备超车时，通过外后视镜注意到一辆轻便摩托车的灯光：
1) 你应在摩托车到达前加速。
√ 2) 你应等待摩托车先通过，然后再超车。",,"In which cases should you ease down the speed of your vehicle?
1) On bends.
2) When overtaking another vehicle you are next to it.
3) When passing in front of parking lots in general.","在下列哪种情况下你应该降低车速？
√ 1) 在弯道上。
2) 超车时当你正处于被超车辆旁边。
3) 在经过一般的停车场前。"
"Does smoking cigarettes inside the vehicle have an effect on driver’s physical state?
1) YES
2) NO","在车内吸烟会对司机的身体状态产生影响吗？
√ 1) 是的
2) 不会",,"If you are very careful, is reaction time nullified?
1) YES
2) NO","如果你非常小心，反应时间可以归零吗？
1) 可以
√ 2) 不可以",,"In the night-time in order to ensure that an accident is spotted:
1) Light the scene of the accident from the side and switch on the hazard warning lights of your vehicle.
2) Light the traffic through the dipped headlights.","在夜间，为了确保事故现场能被发现：
√ 1) 从侧面照亮事故现场，并开启你车辆的危险报警闪光灯（双闪）。
2) 通过开启近光灯来照亮交通流。",,"In the motorway, are the points where you are allowed to park indicated by traffic signs?
1) YES
2) NO","在高速公路上，是否由交通标志指示允许停车的地点？
√ 1) 是的
2) 不是",,"In order to complete a journey of about 500 km at an average speed of 100 km/h, you will approximately need:
1) 4 hours.
2) 5 and a half hours at least.
3) 5 hours.","为了以 100 公里/小时的平均速度完成约 500 公里的行程，你大约需要：
1) 4 小时。
√ 2) 至少 5 个半小时（包含休息时间）。
3) 5 小时。",,"At a crossroads or an interchange, which directions and in which order should you check so as not to get involved in a road accident?
1) Only left (lest the others do not give you priority).
2) Only right (because you have the right of way).
3) Back (so that you do not surprise the driver that follows you), then left (because the vehicles that are coming from the left are the first with which you run the risk of crashing), and finally right (in order to give way).","在十字路口或立交桥处，你应该按什么顺序观察方向，以避免发生交通事故？
1) 只看左边（以免别人不给你让行）。
2) 只看右边（因为你有优先权）。
√ 3) 先看后方（以免惊扰后车），再看左方（因为左侧来车是你首先面临碰撞风险的对象），最后看右方（以便准备让行）。",,"In which of the following cases does not the vehicle moving from the right have priority?
1) When city buses are moving in the road it is going to enter.
2) When trains or tramway vehicles are moving in the road it is going to enter or cross.
3) When motorcycles and mopeds are moving in the road it is going to enter.","在下列哪种情况下，从右侧驶来的车辆不享有优先权？
1) 当城市公共汽车行驶在它准备进入的道路上时。
√ 2) 当火车或有轨电车（Tramway）行驶在它准备进入或穿过的道路上时。
3) 当摩托车和轻便摩托车行驶在它准备进入的道路上时。",,"This traffic sign informs you of:
1) A danger and an intersection where priority from the right applies.
2) A danger and an intersection where you have priority.","这个交通标志告知你：
√  1) 前方危险且适用右侧先行原则的路口。
2) 前方危险且你拥有优先权的路口。",,"The colour of the traffic lights that indicate waiting are:
1) Red or amber.
2) Green.","指示等待的交通信号灯颜色是：
√ 1) 红色或黄色。
2) 绿色。",,"In this case:
1) You must slow down.
2) You must stop.
3) You must pass.","在这种情况下（交警正面对着你，手臂平伸）：
1) 你必须减速
√ 2) 你必须停止
3) 你必须通过",,"In order to use correctly a slow-down lane:
1) You must warn first the other users and use it from its beginning.
2) You must brake before entering.","为了正确使用减速车道（Slow-down lane）：
√ 1) 你必须首先提醒其他道路使用者（打转向灯），并从车道的起点开始使用它。
2) 你必须在进入前（在主路上）刹车。",,"You must pay continuous attention to, and show respect for the other road users. What does this mean?
1) Road safety presupposes your personal care of the other users.
2) You must always expect a correct behaviour from the other users.","你必须持续关注并尊重其他道路使用者。这意味着：
√ 1) 道路安全以你个人对他人的关怀为前提。
2) 你必须始终期待其他人的行为是正确的。",,"Offences are usually punished by:
1) Fines, imprisonment, temporary or permanent disqualification, taking away of the number plates of the vehicle.
2) Seizure of the vehicle.","交通违法行为通常通过以下方式处罚：
√ 1) 罚款、监禁、临时或永久吊销驾驶证、没收车辆号牌。
2) 没收车辆。",,"How can somebody secure a passenger vehicle with a mechanic gear-box against rolling on a downhill?
1) By putting on the handbrake and engaging the reverse.
2) By putting the gear into neutral.
3) By putting on the handbrake only.","如何确保一辆手动挡轿车在下坡路段不会发生溜车？
√ 1) 通过拉紧手刹并挂入倒挡。
2) 将挡位放入空挡。
3) 仅拉紧手刹。",,"When in a two-way street you wish to turn left, which position should you take up in the street?
1) Near the street axis, that is, near the line that divides the two directions.
2) On the line that divides the two directions.
3) On the left part of the street.","当你在双向通行的街道上想要左转时，你应该在街道中占据什么位置？
√ 1) 靠近道路轴线，即靠近划分两个方向的分界线。
2) 压在划分两个方向的分界线上。
3) 在街道的最左侧部分。",,"When the fuel consumption is increased:
1) with open windows
2) with closed windows
3) with closed sunroof","什么时候油耗会增加：
√ 1) 开着车窗行驶时。
2) 关着车窗行驶时。
3) 关闭天窗行驶时。",,"Outside a residential area you should switch on the dipped headlights also in the day-time:
1) To overtake.
2) In a tunnel.","在住宅区以外，即使在白天也应开启近光灯的情况是：
1) 超车时。
√ 2) 在隧道内行驶时。",,"If you compare the steering-wheel with the numbered screen of a clock with hands, the correct position of the driver’s hands when driving straight is at:
1) A quarter past nine to ten past ten.
2) Nine.
3) Five past eleven.","如果将方向盘比作带指针的时钟刻度盘，直线行驶时驾驶员双手的正确位置应该是：
√ 1) 九点一刻到十点十分之间（即 9:15 或 10:10 位置）。
2) 九点整。
3) 十一点零五分。",,"Which driving way saves fuel?
1) Driving prudently and releasing the accelerator in good time.
2) Driving with the maximum number of revolutions.
3) Driving with the minimum number of revolutions.","哪种驾驶方式最省油？
√ 1) 谨慎驾驶并及时松开油门。
2) 以发动机最大转速行驶。
3) 以发动机最小转速行驶。",,"A car that is following you is ready to overtake you, while on the road there are converging arrows in your direction:
1) You should slightly speed up so as to prevent this dangerous manoeuvre.
2) You should maintain a steady speed and slow down, if necessary.","后方车辆准备超越你，同时路面上出现了向你行驶方向汇合的箭头：
1) 你应稍微加速以阻止这种危险操作。
√ 2) 你应保持匀速，必要时减速。",,"Aquaplaning occurs:
1) When you throw road water to the other users.
2) When your vehicle slips on a layer of road water.","水滑现象（Aquaplaning）发生在：
1) 当你将路面上的水溅到其他道路使用者身上时。
√ 2) 当你的车辆在一层路面水膜上滑动时。",,"Your vehicle is 4.5 m long. Does this traffic sign prohibit you from entering?
1) YES
2) NO","你的车辆长 4.5 米。这个标志（禁止超过一定长度的车进入）是否禁止你进入？
1) 是的
√ 2) 不是",,"What does this traffic sign mean?
1) Warning of directions, which is placed before a two-level interchange in a motorway.
2) Warning of directions, which is placed before an interchange in an expressway.
3) Warning of directions, which is placed before an interchange in a highway.","这个交通标志是什么意思？
√ 1) 方向预告标志，放置在高速公路立体交叉互通枢纽之前。
2) 方向预告标志，放置在快速路互通口之前。
3) 方向预告标志，放置在普通公路路口之前。",,"In this picture, the traffic lane(s) is/are:
1) 1
2) 2
3) 1 and 2","在这张图中，行车道（Traffic lanes）是：
√  1) 1
2) 2
3) 1 和 2",,"This traffic sign warns you of:
1) An exit from the expressway at a distance of 400 m from this traffic sign.
2) Two exits from the expressway at a distance of 400 m from this traffic sign.
3) No exit from the expressway.","这个交通标志（距离预告）提醒你：
√ 1) 距离该交通标志 400 米处有一个快速路出口。
2) 距离该交通标志 400 米处有两个快速路出口。
3) 快速路没有出口。",,"This traffic sign means:
1) Danger due to the frequent entry or passage of cyclists.
2) No entry to motorcycles.","这个交通标志表示：
√ 1) 因自行车频繁进入或经过而产生的危险。
2) 禁止摩托车进入。",,"This traffic sign indicates:
1) A parking area on the left.
2) A warning of a no through road on the left.
3) Left branch with a country road which leads to a residential area.","此交通标志指示：
1) 左侧有停车区。
√ 2) 预告左侧此路不通。
3) 左侧支路是通往居住区的乡村道路。",,"This traffic sign stresses:
1) A danger for the next 1,000 m of the road.
2) A danger which exists 1,000 m after the traffic sign.","这个交通标志（带有向上箭头的距离，如 ↑ 1000m ↑）强调：
√ 1) 在接下来 1,000 米的路段内存在危险。
2) 危险存在于该交通标志之后 1,000 米处。",,"Every time you meet this traffic sign:
1) You should give priority to those coming from the right.
2) You should give priority to those coming from both right and left.
3) You must stop.","每当你遇到这个交通标志（倒三角/让行标志）：
1) 你应该给来自右侧的车辆让行。
√ 2) 你应该给来自右侧和左侧两边的车辆让行。
3) 你必须停车。",,"At a crossroad where the traffic light is flashing round red, what should you do?
1) You should reduce speed and move carefully.
2) You should give way to pedestrians.
3) You should immobilise your vehicle.","在一个圆形红灯闪烁的路口，你应该怎么办？
1) 你应减速并小心行驶。
2) 你应给行人让行。
√ 3) 你必须使车辆完全停止（静止）。",,"If the direction indicators of your vehicle do not work, how will you warn of your intention to turn left?
1) By extending your left arm.
2) By raising your left arm vertically.
3) By using the brake lights repeatedly.","如果你的车辆转向灯坏了，你该如何警告他人你打算左转？
√ 1) 伸出你的左手臂。
2) 垂直举起你的左手臂。
3) 反复使用刹车灯。",,"In an one-way street, if the width of the street is sufficient, can you park on the left as well?
1) YES
2) NO","在单行道上，如果路面宽度足够，你也可以在左侧停车吗？
√ 1) 可以（YES）
2) 不可以（NO）",,"The centrifugal force:
1) Pushes your vehicle to the inside of a bend.
2) Pushes your vehicle to the outside of a bend.
3) It may be sometimes noticeable on the right side of the vehicle.","离心力（Centrifugal force）：
1) 将你的车辆推向弯道的内侧。
√ 2) 将你的车辆推向弯道的外侧。
3) 有时可以在车辆右侧明显察觉到。",,"You are not recommended to fit to your vehicle:
1) Tyres of the same construction on all axles.
2) Front radial tyres and rear crossed tyres.","不建议在车辆上安装：
1) 所有车轴上安装结构相同的轮胎。
√ 2) 前轮安装子午线轮胎（Radial），后轮安装斜交线轮胎（Crossed）。",,"Should you switch on the indicator when you wish to change direction, even if there is no other road user around you?
1) YES
2) NO","即使周围没有其他道路使用者，当你打算改变方向时也应开启转向灯吗？
√ 1) 是的
2) 不需要",,"If the limit is not specified by special traffic signs, which is the maximum permissible speed limit for passenger cars outside residential areas, as long as it is not a motorway or expressway?
1) 100 km/h.
2) 80 km/h.
3) 90 km/h.","如果没有特殊标志规定，轿车在住宅区以外、且非高速公路或快速路的道路上的最高限速是多少？
1) 100 公里/小时。
2) 80 公里/小时。
√ 3) 90 公里/小时。"
"In a state of your obvious drunkenness (over 1,10 grams of alcohol per litre of blood), the Traffic Police:
1) May disqualify you and immobilise your vehicle.
2) May impound your vehicle.","在明显醉酒状态下（每升血液酒精含量超过 1.10 克），交警：
√ 1) 可以取消你的驾驶资格（吊销驾照）并扣留/固定你的车辆。
2) 可以没收你的车辆。",,"The time from the moment you notice a sign till the moment you decide is:
1) Half second.
2) One second.
3) Two seconds.","从你注意到信号到做出决定的时间大约是：
1) 0.5 秒。
√ 2) 1 秒。
3) 2 秒。",,"In order to call for assistance urgently:
1) You should dial 166, 199 or 100 through an available telephone.
2) Dial 131 or 141.","为了紧急呼叫援助：
√ 1) 你应通过可用电话拨打 166、199 或 100。
2) 拨打 131 或 141。",,"In the motorway in case of dense fog:
1) You should switch on the dipped headlights and drive at a speed of up to 50 km/h.
2) You should follow the red lights ahead of you as close as possible.
3) You should drive astride on the borderline.","高速公路上遇到浓雾时：
√ 1) 应开启近光灯，车速不高于 50 公里/小时。
2) 应尽可能紧跟前方车辆的红尾灯。
3) 应跨在行车道边缘线上行驶。",,"In which of the following cases must you ease down the speed of your vehicle?
1) On steep downhills.
2) When overtaking another vehicle, you are next to it.
3) When you start overtaking another vehicle.","在下列哪种情况下，你必须降低车速？
√ 1) 在陡峭的下坡路段。
2) 超车时当你正处于被超车辆旁边时。
3) 当你开始超车时。",,"You are waiting to turn right at a vertical road that has priority and you see a car coming close quickly from the left having switched on the right indicator. You should:
1) Start turning.
2) Wait enough to make sure that the vehicle turns right.
3) Turn quickly in order to prevent any problems.","你在支路上准备右转进入主路（主路有优先权），看到左侧一辆车快速驶近并开启了右转向灯。你应该：
1) 开始转弯。
√ 2) 等待足够长的时间，以确认该车确实正在右转。
3) 快速转弯以避免任何问题。",,"To which positions, without traffic signs or lights, applies the rule of priority from the right?
1) Crossroads.
2) Plot exits.","在没有交通标志或信号灯的情况下，右侧先行原则适用于哪些位置？
√ 1) 十字路口（Crossroads）。
2) 建筑地块出口（Plot exits，如私人车库出口）。",,"When you meet this traffic sign:
1) You must give way to the vehicles that come from the left and right.
2) You must stop at the dividing line.","当你遇到这个交通标志（倒三角/让行标志）时：
√ 1) 你必须给来自左侧和右侧的车辆让行。
2) 你必须在分界线处停车。",,"The traffic light is red and an amber arrow flashes simultaneously. You:
1) Must stop.
2) May turn disregarding the pedestrians in the street you are entering.
3) May turn in the direction shown by the arrow obeying priority.","交通信号灯为红灯，同时有一个黄色箭头灯在闪烁。你：
1) 必须停止。
2) 可以转弯，无需理会你进入街道上的行人。
√ 3) 可以按照箭头指示的方向转弯，但需遵守优先权规则。",,"If a traffic policeman gives this signal:
1) You must slow down.
2) You must stop.","如果交警做出这个手势（单手垂直高举）：
1) 你必须减速
√ 2) 你必须停止（相当于黄灯，准备清空路口）",,"In order to use correctly a slow-down lane:
1) You must brake before entering.
2) After entering, you should slow down throughout the lane.","为了正确使用减速车道：
1) 你必须在进入前刹车。
√ 2) 进入车道后，你应该在整个车道行驶过程中减速。",,"What should you do, if, while driving with the headlights on full beam, wild animals appear suddenly deep in the lighted field ahead of you?
1) Sound the horn and brake.
2) Continue your course with the headlights on full beam.
3) Switch on the dipped headlights immediately.","如果在开启远光灯行驶时，前方光照范围内突然出现野生动物，你应该怎么办？
√  1) 鸣笛并刹车。
2) 继续开启远光灯行驶。
3) 立即切换到近光灯（避免动物因强光受惊致盲而乱撞）。",,"In case you wear contact lenses, should you always have in the vehicle a pair of glasses available?
1) YES
2) NO","如果你佩戴隐形眼镜，是否应始终在车内备有一副眼镜？
√ 1) 是的
2) 不是",,"Is driving on a mountain less tiring?
1) YES
2) NO","在山区驾驶是否更不容易疲劳？
1) 是的
√ 2) 不是",,"When a two-way street with two lanes per direction is absolutely clear, in which lane are you allowed to move?
1) Right lane.
2) Either lane of the right direction.
3) Left lane.","当一条每方向有两条车道的双向街道完全空闲时，你被允许在哪条车道行驶？
√ 1) 右侧车道。
2) 右侧方向的任一车道。
3) 左侧车道。",,"For eco- driving on the road without slope:
1) you increase and decrease continuously speed while you are driving at a steady gear
2) you change up / down continuously gear
3) shift into the biggest gear just in case while you are driving at a steady speed","在没有坡度的道路上进行环保驾驶：
1) 在保持固定档位行驶时不断增减车速。
2) 不断进行升降档操作。
√ 3) 在保持匀速行驶时，尽可能切换到最高档位。",,"You are driving in a motorway. It is raining, therefore, visibility is reduced. You should:
1) Switch on your lights.
2) Switch on the hazard warning lights.
3) Not use the lights.","你行驶在高速公路上。由于下雨，能见度降低。你应该：
√ 1) 开启你的车灯（近光灯）。
2) 开启危险报警闪光灯（双闪）。
3) 不使用车灯。",,"While you are waiting for the green traffic light:
1) You must have engaged the 1st gear and be pressing the clutch pedal.
2) You must have put the gear in the neutral and be pressing the footbrake pedal.
3) You must have put the gear in the neutral and be pressing the clutch pedal.
","在你等待绿灯亮起时：
1) 你必须挂入 1 档并踩住离合器踏板。
√ 2) 你必须将档位拨至空档（Neutral）并踩住脚刹车踏板。
3) 你必须将档位拨至空档并踩住离合器踏板。",,"How can fuel consumption be reduced?
1) By ensuring that the tyres of your car have the correct pressure.
2) By having the side window slightly opened during driving.","如何降低油耗？
√ 1) 确保汽车轮胎气压正确。
2) 行驶时稍微打开侧窗。",,"You are driving behind a lorry. In order to decide whether to start overtaking, you must:
1) Move slightly towards the road axis, if necessary.
2) Get close to its rear part in order to have better visibility.","你行驶在货车后面。为了决定是否开始超车，你必须：
√ 1) 如有必要，稍微向道路中心轴线移动以观察前方。
2) 靠近货车后部以便有更好的视野。",,"What should you do when tyre grip on the road is reduced?
1) Slow down and avoid abrupt movements through the steering-wheel.
2) Restrict the speed of your car to 50 km/h.","当地面轮胎抓地力降低时，你应该怎么办？
√ 1) 减速并避免通过方向盘做出突然的动作。
2) 将车速限制在 50 公里/小时以内。",,"You are driving at 90 km/h in this road where visibility is good:
1) Be ready to slow down: there may be a danger which you have not noticed yet.
2) The minimum permissible speed is 90 km/h.","你在视线良好的道路上以 90 公里/小时的速度行驶（看到禁令解除标志后）：
√ 1) 准备好减速：可能存在你尚未察觉的危险。
2) 最低允许速度为 90 公里/小时。",,"What does this traffic sign indicate?
1) Numbering of international arteries.
2) Numbering of highways.
3) Numbering of country roads.","这个交通标志指示什么？
√ 1) 国际干线编号（E字头道路）。
2) 公路编号。
3) 乡村道路编号。",,"When in a works area in the motor-way there are white and yellow lines together, you should obey:
1) Only the white lines.
2) Both white and yellow lines.
3) Only the yellow lines.","当高速公路施工区域同时出现白色和黄色标线时，你应该服从：
1) 仅白色标线。
2) 白色和黄色标线。
√ 3) 仅黄色标线（黄色代表临时施工标线，效力最高）。",,"What should you do in order to head for Athens if you saw this traffic sign?
1) Turn right ahead.
2) Go straight.
3) Turn left ahead.","如果你看到这个交通标志，想要去雅典（Athens）应该怎么做？
√  1) 前方右转。
2) 直行。
3) 前方左转。",,"Every time you meet this traffic sign:
1) You are driving in a priority road.
2) It is a crossroad where priority from the right applies.
3) You have priority only at the next crossroad.","每当你遇到这个交通标志：
1) 你行驶在优先权道路上。
2) 这是一个适用右侧先行原则的十字路口。
√   3) 你仅在下一个路口拥有优先权。",,"What are you allowed to do when you see this traffic sign?
1) Park, provided that you can pay the parking fees.
2) Park for five minutes.
3) Park, provided that you do not obstruct the entry or exit.","当你看到这个交通标志（P标志）时，你被允许做什么？
√  1) 泊车，前提是你支付停车费。
2) 泊车五分钟。
3) 泊车，前提是不阻碍入口或出口。",,"What does the combination of these traffic signs indicate?
1) Only taxis are allowed to park.
2) No parking for taxis.
3) Direction towards a parking lot for taxis.","这些交通标志的组合指示什么？
√ 1) 仅允许出租车（TAXI）泊车。
2) 出租车禁止停车。
3) 通往出租车停车场的方向。",,"When you meet this traffic sign, are you driving in a priority road?
1) YES
2) NO","当你遇到这个交通标志（黄心菱形/优先权道路标志）时，你是否行驶在优先权道路上？
√ 1) 是的
2) 不是",,"You wish to cross an intersection. In which case should you not enter the intersection if the traffic light is green?
1) When at the intersection there is a STOP traffic sign.
2) When you are obliged to wait at the intersection, because the traffic is blocked in front of you.","你想穿过一个路口。在什么情况下，即使信号灯是绿灯，你也不应进入路口？
1) 当路口设有 STOP 交通标志时。
√ 2) 当由于前方交通堵塞，导致你进入后不得不被迫停留在路口内时。",,"What does this traffic sign mean?
1) Maximum permissible speed limit of 30 km/h.
2) End of compulsory minimum speed of 30 km/h.
3) Exit from an area where the maximum permissible speed limit is 30 km/h.","这个交通标志（蓝色圆圈内有数字30且带红色斜杠）是什么意思？
1) 最高限速 30 公里/小时。
√ 2) 结束最低强制限速 30 公里/小时。
3) 离开最高限速 30 公里/小时的区域。",,"You have immobilised your vehicle in front of a post office to buy stamps:
1) This is an intended waiting.
2) This is an intended parking.","为了买邮票，你将车停在邮局门口并熄火离开：
1) 这属于预期的临时停车（Waiting/Standing）。
√ 2) 这属于预期的泊车（Parking）。",,"What affects the extent of the centrifugal force on a bend?
1) The air created during the movement of the vehicle.
2) The speed.","什么会影响弯道上离心力的大小？
1) 车辆行驶时产生的空气。
√ 2) 车速（Speed）。",,"As regards the level of the lubrication oil in the gear-box:
1) You should check it every 10,000 km.
2) The technician of the repair workshop is responsible for that at the programmed maintenances of the car.","关于变速箱润滑油的液位：
1) 你应该每 10,000 公里检查一次。
√ 2) 修理厂的技术人员在车辆定期保养时负责检查。",,"Should you facilitate the passage of an emergency vehicle?
1) YES
2) NO","你应该为紧急车辆（如救护车、消防车）的通行提供便利吗？
√ 1) 是道
2) 不需要",,"In an expressway the maximum permissible speed under normal weather conditions is?
1) 110 km/h in general for all vehicles.
2) 80 km/h for lorries of over 3.5 tons and 90 km/h for buses and other lorries.","在快速路（Expressway）上，正常天气条件下的最高允许限速是？
1) 通常所有轻型车辆为 110 公里/小时。
√   2) 3.5 吨以上的货车为 80 公里/小时，大巴和其他货车为 90 公里/小时。"
"Which is the minimum percentage of alcohol in the blood according to which the driver is considered to be under its influence?
1) Over 0,8 g per litre of blood.
2) Over 0,5 g per litre of blood.
3) Over 1,10 g per litre of blood.","血液酒精含量达到多少时，司机会被认为受到了酒精影响？
1) 超过每升 0.8 克。
√ 2) 超过每升 0.5 克。
3) 超过每升 1.10 克。",,"Driving activity consists of the following:
1) Action, perception, analysis, decision.
2) Perception, analysis, decision, action.
3) Decision, perception, analysis, action.","驾驶活动由以下环节组成：
1) 行动、感知、分析、决策。
√ 2) 感知、分析、决策、行动。
3) 决策、感知、分析、行动。",,"When does the insurance policy not cover you?
1) If you get involved in a road accident while being drunk.
2) If you are responsible for a road accident.","保险政策在什么时候不会为你提供保障？
√ 1) 如果你在醉酒状态下卷入交通事故。
2) 如果你对交通事故负有责任。",,"Does the wind in connection with the speeds developed in a motorway affect the safe movement of your vehicle?
1) YES
2) NO","大风结合高速行驶是否会影响车辆的安全运动？
√ 1) 是的
2) 不是",,"When you are going to leave a square, must you inform those that follow by using the indicators?
1) YES
2) NO
3) No, provided that traffic signs determine a compulsory circular movement.","当你准备离开广场（环岛）时，必须通过使用方向灯通知后方车辆吗？
√ 1) 是的。
2) 不需要。
3) 不需要，只要交通标志规定了必须进行环形运动。",,"You are driving in a two-way street with two lanes. What must you do when someone is overtaking you?
1) Drive as right as possible.
2) Increase speed.","你在一条双向两车道的街道上行驶。当有人正在超你车时，你必须做什么？
√ 1) 尽可能靠右行驶。
2) 增加车速。",,"In which of the following cases the vehicle moving on the right does not have priority?
1) When entering a motorway.
2) When the vehicle moving on its left is a lorry.
3) When the vehicle moving on its left is a city bus.","在下列哪种情况下，从右侧驶来的车辆不享有优先权？
√ 1) 进入高速公路（Motorway）时。
2) 当其左侧行驶的车辆是货车时。
3) 当其左侧行驶的车辆是市公共汽车时。",,"You are driving the black (dark) vehicle:
1) You should stop and pass after the pick-up van.
2) You should pass before the red car.","你正驾驶黑色（深色）车辆：
√  1) 你应该停车并在皮卡车之后通过。
2) 你应该在红色车之前通过。",,"When the amber light flashes at a crossroads:
1) You have to slow down significantly, give way to those moving in the road that crosses yours.
2) The traffic signs regulating priority at the crossroads shall apply.","当路口的黄色信号灯闪烁时：
√  1) 你必须大幅减速，给横向道路上的车辆让行。
2) 此时应遵守路口原本设置的规定优先权的交通标志。",,"What must you do if you saw this signal of the traffic policeman?
1) Slow down.
2) Stop.
3) Pass.","如果你看到交警的这个手势，你必须做什么？
1) 减速
√ 2) 停止
3) 通过",,"In which case, when pulling out a row of parked cars, are you permitted to interrupt the traffic?
1) When you have properly informed the drivers of the vehicles that follow.
2) When the street has at least two lanes per direction or is an one-way street.
3) Under no circumstances.","在哪种情况下，当从一排停放的车辆中起步驶出时，你被允许中断交通？
1) 当你已经妥善告知后方车辆的司机时。
2) 当街道每个方向至少有两条车道或者是单行道时。
√ 3) 在任何情况下都不允许（必须等主路没车安全时才能起步）。",,"In case of emergency, can you use the starter motor so as to move ahead or reverse your vehicle for a few metres?
1) YES.
2) NO.","在紧急情况下（如熄火在铁轨上），你能否利用起动机马达使车辆前进或后退几米？
√ 1) 可以（YES）。
2) 不可以（NO）。",,"A driving licence Category B will entitle you to drive:
1) A vehicle of 10 seats if you are carrying only 8 passengers.
2) A lorry whose gross weight does not exceed 3.500 kg.
3) A motorcycle.","B类驾驶证（普通小汽车）允许你驾驶：
1) 如果只载8名乘客，可以驾驶10座车。
√ 2) 总重量不超过 3,500 公斤的货车。
3) 摩托车。",,"Why must you not disengage and switch off the engine simultaneously, when you are driving on a long downhill a vehicle that has a steering-wheel and brakes supporting system?
1) Because the battery will be overcharged.
2) Because the steering-wheel will become unusually heavy (it may be locked), the effectiveness of the brakes will be reduced and engine braking effect will disappear.","当你驾驶一辆带有转向助力和制动助力系统的车辆在长下坡路段行驶时，为什么绝不能同时脱开档位并关闭发动机？
1) 因为电池会过载。
√ 2) 因为方向盘会变得异常沉重（甚至可能锁死），制动效果会降低，且发动机制动效果会消失。",,"When a two-way street with two lanes per direction is absolutely clear, in which lane are you allowed to move?
1) Right lane.
2) Either lane of the right direction.
3) Left lane.","当一条每方向有两条车道的双向街道完全空闲时，你被允许在哪条车道行驶？（同上题）
√ 1) 右侧车道。
2) 右侧方向的任一车道。
3) 左侧车道。",,"You are driving a motor vehicle of clean technology on a sloping road. When will the motor vehicle consume less fuel :
1) stop stepping on the accelerator and shifting into the proper gear.
2) Placing the gear lever in the neutral.
3) shifting into first gear by pressing the accelerator slightly","在坡道上驾驶环保技术型机动车，什么时候油耗最少：
√ 1) 停止踩油门并换入合适的档位（利用发动机制动）。
2) 将档杆置于空挡。
3) 踩一点油门并挂入一档。",,"If a driver moving in the opposite direction dazzles you having their headlights on full beam:
1) You should switch on your full beam headlights as well.
2) You should slow down and drive looking at the right side.","如果对向行驶的司机因开启远光灯而让你眩目：
1) 你也应该开启你的远光灯。
√ 2) 你应该减速并盯着道路的右侧行驶。",,"In which cases must you use the direction indicators of your vehicle?
1) Only when you intend to change direction to the left.
2) Only when you intend to change lane or direction.
3) Before every change of direction or manoeuvre.","在哪些情况下你必须使用车辆的方向灯（转向灯）？
1) 仅当你打算向左改变方向时。
2) 仅当你打算变换车道或改变方向时。
√ 3) 在每一次改变方向或进行任何驾驶机动操作之前。",,"How can you achieve to cover more kilometres with less fuel?
1) By not accelerating harshly and not braking without a serious reason.
2) By using up the maximum possible number of revolutions for each gear.","如何做到用更少的油行驶更多的里程？
√ 1) 避免猛烈加速，且无重要原因不刹车。
2) 每个档位都尽可能使用最大转速。",,"If the passage of vehicles moving in opposite directions on a slope is difficult, then the vehicle which, as a rule, should stop first is the one descending:
1) YES
2) NO","如果两辆对向行驶的车辆在坡道上难以通过，通常情况下，应首先停车让行的是下坡车辆：
√ 1) 是的
2) 不是",,"What dangers are created due to aquaplaning?
1) The vehicle develops a higher speed.
2) The steering-wheel becomes heavy (it will not turn easily).
3) You cannot steer the vehicle through the steering-wheel and brake safely.","水滑现象会产生什么危险？
1) 车辆会产生更高的速度。
2) 方向盘会变得沉重（不易转动）。
√ 3) 你无法通过方向盘操控车辆，也无法安全刹车。",,"This traffic sign prohibits the following vehicles from entering:
1) Mopeds and motor-cycles.
2) Mopeds only.","此交通标志（红圈内有轻便摩托车）禁止以下车辆进入：
1) 轻便摩托车（Mopeds）和摩托车。
√  2) 仅限轻便摩托车。",,"What does this traffic sign mean?
1) Passage under the air-bridge is forbidden.
2) Reduce speed due to passing a two-level crossing.
3) End of motorway.","这个交通标志（高速公路图标加红色斜杠）是什么意思？
1) 禁止从天桥下通过。
2) 因通过立体交叉口而减速。
√ 3) 高速公路结束。",,"The special lanes for buses may be used temporarily:
1) By emergency vehicles.
2) By ordinary vehicles.","公交专用车道可以被以下哪类车辆临时使用？
√ 1) 紧急车辆（如救护车、消防车）。
2) 普通私家车辆。",,"What does this traffic sign indicate?
1) The course you must follow in order to turn left at the next intersection where left turn is forbidden.
2) The course you must follow in order to avoid obstacles ahead of you.
3) No through road ahead.","这个交通标志（通常是一个环形绕路图标）指示：
√ 1) 在下一个禁止左转的路口，你为了实现左转而必须遵循的路线（间接左转）。
2) 为了避开前方障碍物必须遵循的路线。
3) 前方此路不通。",,"This traffic sign indicates danger due to:
1) Level railway or tram crossing with movable barriers.
2) An unguarded railway crossing.","这个交通标志指示的危险是：
√ 1) 设有移动栏杆的铁路或电车平交道口。
2) 无人看守的铁路道口。",,"You will meet this traffic sign with the numbering:
1) In a city street.
2) In a highway.","你会在哪种道路上见到带有这种编号（通常指蓝色盾形/矩形内的数字）的交通标志？
1) 在城市街道。
√ 2) 在公路/国道（Highway）。",,"Which direction has priority?
1) Direction α-β.
2) Direction α-γ.
3) None.","根据辅助标志上的粗线示意图，哪个方向拥有优先权？
√ 1) α-β 方向（通常图中粗线部分代表主路）。
2) α-γ 方向。
3) 都没有。",,"What does this traffic sign mean?
1) You are moving in a priority road.
2) Give priority.
3) Expressway.","这个交通标志（黄心菱形）是什么意思？
√ 1) 你行驶在优先权道路上（主路）。
2) 让行。
3) 快速路。",,"One traffic light is red and there is a green arrow on next to it. What does this mean?
1) That all vehicles must turn right.
2) That only the vehicles which will turn right can continue their course.
3) That all vehicles must stop.","主信号灯是红色的，旁边有一个绿色箭头灯。这意味着什么？
1) 所有车辆必须右转。
√ 2) 只有准备按箭头方向转弯的车辆可以继续行驶。
3) 所有车辆必须停止。",,"What should you do if you saw this traffic sign?
1) Fit non-skid chains to two at least driving wheels of the car.
2) Fit non-skid chains to the rear wheels of the car.
3) Fit non-skid chains to the front wheels of the car.","如果你看到这个交通标志（轮胎防滑链图案），你应该怎么办？
√ 1) 给汽车至少两个驱动轮安装防滑链。
2) 给汽车后轮安装防滑链。
3) 给汽车前轮安装防滑链。",,"A continuous yellow line at the edges of the pavement:
1) Indicates the prohibition of parking, but allows you to stop for a few minutes.
2) Stresses that both waiting and parking are forbidden.","人行道边缘的黄色实线表示：
1) 表示禁止泊车，但允许临时停车几分钟。
√ 2) 强调临时停车和泊车均被禁止。",,"While you are driving on a curve the minimum speed of your vehicle must be when?
1) Entering the curve.
2) Exiting from the curve.","在弯道行驶时，车辆的最低速度应该在什么时候？
√ 1) 进入弯道时。
2) 驶出弯道时。",,"Should wheel alignment and balancing be performed by the driver himself?
1) YES
2) NO","车轮定位（四轮定位）和平衡是否应由驾驶员自己执行？
1) 是的
√ 2) 不是（需专业设备和人员）。",,"You should give way to emergency vehicles:
1) Only when they use special sound or light warnings.
2) Always.","你应该在什么时候给紧急车辆让行？
√ 1) 只有当它们使用特殊的声响或灯光警报时。
2) 始终让行。",,"In which of the following cases should you ease down the speed of your vehicle?
1) When overtaking a bus stopped at a bus-stop.
2) On steep uphills.
3) When passing in front of a traffic policeman.","在下列哪种情况下你应该降低车速？
√ 1) 超越停在车站的公共汽车时。
2) 在陡峭的上坡路上。
3) 经过交警面前时。"
"If you go out with a company for entertainment, what should you do in order to return home safely?
1) The person who will drink less alcohol than the others or feel that they are under the minor influence of alcohol should drive the car.
2) Plan who should not drink alcohol in order to drive after the end of the entertainment, otherwise leave your vehicle and return by other means.
3) Drive at a low speed and carefully when coming back.","如果你和同伴出去娱乐，为了安全回家，你应该怎么做？
1) 让喝得最少或者觉得自己受酒精影响较小的人开车。
√ 2) 提前规划谁不喝酒以便结束后开车；否则弃车并乘坐其他交通工具返回。
3) 回家时低速并小心驾驶。",,"Does the stopping distance correspond to the number of metres that your vehicle covered during reaction and braking time?
1) YES
2) NO
","停车距离（Stopping distance）是否等于车辆在反应时间和刹车时间内行驶的总米数？
√ 1) 是的
2) 不是",,"Committing the offence of escape means:
1) Not stopping at the scene of an accident while you have been involved in it as a witness.
2) Not looking for the nearest telephone to inform.","构成“逃逸罪”意味着：
√ 1) 虽然你作为证人卷入事故，但没有在事故现场停车。
2) 没有寻找最近的电话进行通知。",,"When two motor-ways are united, which vehicles should give priority?
1) Those moving on the left branch to those moving on the right branch.
2) Those moving on the right branch to those moving on the left branch.
3) Those moving on the branch which has Give priority signs.","当两条高速公路汇合时，哪些车辆应当让行？
1) 左侧支线行驶的车辆让行给右侧支线的车辆。
2) 右侧支线行驶的车辆让行给左侧支线的车辆。
√ 3) 在设有“准备让行（Give priority）”标志的支线上行驶的车辆。",,"During driving you realize that you have lost control of the car because there is oil on the road surface. What should you do?
1) Slow down applying the brakes.
2) Release the accelerator pedal and engage a lower gear.
3) Press the accelerator pedal and correct the course through the steering-wheel.","驾驶中你意识到因路面有油渍而失去对车的控制。你应该怎么办？
1) 踩刹车减速。
√ 2) 松开油门踏板并换入低挡（发动机制动）。
3) 踩下油门踏板并通过方向盘修正航向。",,"You are approaching a crossroads which lacks traffic signs. Visibility is obstructed in both sides by parked cars. What should you do?
1) Pass the crossroads as quick as possible.
2) Enter the crossroads carefully.
3) Warn the traffic at the crossroads through the horn.","你正接近一个没有交通标志的十字路口。两侧视线被停放的车辆遮挡。你应该怎么办？
1) 尽可能快地通过路口。
√ 2) 小心地进入路口。
3) 通过鸣喇叭警告路口交通。",,"You are driving the red convertible. The blue car is coming at a high speed:
1) You should drive towards the crossroads after warning through the horn, because you have the right of way.
2) You should be ready to stop, because it is always possible that your right of way may be violated.","你正驾驶红色敞篷车。蓝色轿车正高速驶来：
1) 你应在鸣喇叭警告后驶向路口，因为你有优先权。
√ 2) 你应准备好停车，因为你的优先权随时可能被对方侵犯。",,"The blue must give way to:
1) The red car.
2) The van.","蓝色车必须给谁让行？
1) 红色车。
√  2) 厢式货车（Van）。",,"Do the traffic lights, when operating, prevail over traffic signs?
1) YES
2) NO","当交通信号灯正常工作时，其效力是否高于交通标志？
√ 1) 是的
2) 不是",,"Which vehicle should wait?
1) Vehicle 1.
2) Vehicle 2.
3) Both vehicles.","哪辆车（面对交警背部或正面的车）应该等待？
1) 车辆 1
√  2) 车辆 2
3) 两辆车（面对交警胸部或背部的车辆必须停止）",,"Does an acceleration lane serve for avoiding the retardation of normal traffic?
1) YES
2) NO","加速车道的作用是否是为了避免阻碍正常交通的流速？
√ 1) 是的
2) 不是",,"The occasional towage of another vehicle is:
1) Allowed on conditions but it is not recommended.
2) Forbidden.","临时拖拽另一辆车是：
√ 1) 在符合条件的情况下允许，但不建议。
2) 禁止的。",,"A driving licence Category B will entitle you to drive:
1) A vehicle which comprises 9 seats including the driver’s seat.
2) A vehicle whose weight including the load does not exceed 5.000 kg.
3) A motorcycle.","B类驾驶证允许你驾驶：
√ 1) 包括驾驶员座位在内共有 9 个座位的车辆。
2) 包括载重在内总重量不超过 5,000 公斤的车辆。
3) 摩托车。",,"You are towing by your passenger vehicle a trailer which does not have its own brakes on a long and steep downhill. What should you do?
1) Take into consideration that the trailer will be pushing your vehicle during braking.
2) Relieve the brakes of your passenger vehicle through the frequent change of gears.","你驾驶轿车拖着一辆没有独立制动器的挂车在长而陡的下坡路上行驶。你应该怎么做？
√ 1) 考虑到制动期间挂车会推挤你的车辆。
2) 通过频繁换挡来减轻轿车制动器的负担。",,"In which case are you allowed to drive contrary to the stream of an one-way street?
1) When the one-way street is absolutely clear.
2) When you carry with your vehicle a person who needs immediate help.
3) Under no circumstances.","在什么情况下你被允许在单行道上逆行？
1) 当单行道完全空闲时。
2) 当你车内载有需要紧急救助的人时。
√ 3) 在任何情况下都不允许。",,"Eco-driving is being achieved
1) by reducing the tires pressure
2) by increasing the engine rotation
3) by the right tire pressure","如何实现环保驾驶：
1) 通过降低轮胎气压。
2) 通过提高发动机转速。
√ 3) 通过保持正确的轮胎气压。",,"You are turning from a well-lit street to another which is not lit. What should you be careful about in this case?
1) The eyes adjust immediately to different lighting conditions.
2) Obstacles on the edges of the road are recognised easier than before.
3) The speed must be adjusted to different visibility conditions.","你正从光照良好的街道转入一条没有照明的街道。在这种情况下你应该注意什么？
1) 眼睛会立即适应不同的光照条件。
2) 道路边缘的障碍物比以前更容易辨认。
√ 3) 必须根据不同的能见度条件调整车速。",,"At a normal course where you do not need to change gears often, the left foot:
1) Should remain on the clutch pedal without pressing it.
2) Should remain immobile opposite to the pedal.
3) Should remain immobile on the left of the pedal.","在不需要频繁换挡的正常行驶中，左脚应该：
1) 停留在离合器踏板上（轻搁在上面）。
2) 保持不动，正对着离合器踏板。
√ 3) 保持不动，放在离合器踏板的左侧（休息踏板处）。",,"How can an excessive fuel consumption become externally obvious due to a wrong engine adjustment?
1) From the white smoke of the exhaust pipe.
2) From the blue smoke of the exhaust pipe.
3) From the black smoke of the exhaust pipe.","由于发动机调整错误导致的油耗过高，在外部如何明显观察到？
1) 从排气管冒出的白烟。
2) 从排气管冒出的蓝烟。
√ 3) 从排气管冒出的黑烟。",,"In order to overtake an animal or a horseman, you should keep a minimum side distance of:
1) 1 m.
2) 0,5 m.
3) Over 1,5 m.","为了超越动物或骑马者，你应保持的最小侧向距离为：
√ 1) 1 米。
2) 0.5 米。
3) 1.5 米以上。",,"You are accelerating your car very harshly and it starts skidding. The first thing you should do is to:
1) Release the accelerator.
2) Brake softly.
3) Brake harshly.","如果你猛烈加速时车辆开始打滑，你首先应该做的是：
√ 1) 松开油门。
2) 轻踩刹车。
3) 猛踩刹车。",,"Does this traffic sign indicate a prohibition of turning left?
1) YES
2) NO","这个交通标志（带斜杠的左转箭头）是否表示禁止左转？
1) 是的
√  2) 不是",,"What does this traffic sign mean?
1) Exit from a motorway.
2) Exit from a residential area.
3) Exit from an expressway.","这个交通标志是什么意思？
√  1) 驶出高速公路。
2) 离开住宅区。
3) 快速路（Expressway）结束。",,"The zone intended for a bus-stop is usually indicated by a crooked yellow line (zigzag). You can:
1) Cross that line while driving.
2) Stop at that point for a moment.
3) Park at that point.","公交车站区域通常由黄色锯齿线（Zigzag）标出。你可以：
√ 1) 在行驶中跨越该线（路过）。
2) 在该点临时停下。
3) 在该点泊车。",,"Wishing to go to Itylon, what would you do if you saw this traffic sign?
1) Turn right.
2) Turn left.
3) Continue straight ahead.","如果你想去 Itylon，看到这个交通标志你会怎么做？
√ 1) 右转。
2) 左转。
3) 继续直行。",,"This traffic sign indicates:
1) Slippery road.
2) Dangerous bends.","这个交通标志指示：
√ 1) 易滑路面。
2) 危险弯道。",,"What does this traffic sign mean?
1) Exit from an area of permissible parking.
2) Exit from an area where parking is forbidden.
3) Exit from an area of limited parking.","这个交通标志（带斜杠的P标志）是什么意思？
√ 1) 离开（结束）准许泊车区域。
2) 离开禁止停车区域。
3) 离开限时停车区域。",,"What does this traffic sign mean?
1) Overtaking motor vehicles except for two-wheeled motor-cycles without a sidecar for the next 1,000 m is forbidden.
2) Overtaking motor vehicles except for two-wheeled motor-cycles without a sidecar is forbidden after 1 km.
3) Overtaking motor vehicles except for two-wheeled motor-cycles without a sidecar is permitted for 1 km.","这个交通标志（禁止超车标志下带有 ↑ 1000m ↑）是什么意思？
√ 1) 在接下来的 1,000 米内，禁止超越除无侧车斗的两轮摩托车以外的机动车。
2) 1 公里后禁止超车。
3) 1 公里内允许超车。",,"What should you do if you saw this traffic sign?
1) Slow down, check whether a train is approaching and continue your course.
2) Stop your course at the line drawn for this or, in case there is no such a line, at the possition of the sign and do not start unless you make sure that no train or tram is coming.
3) Continue your course without delay.","如果你看到这个交通标志（铁路平交道口下的STOP标志），你应该怎么办？
1) 减速，检查是否有火车接近并继续行驶。
√ 2) 在为此划定的停止线处停车，如果没有停止线，则在标志位置停车，确保没有火车或电车驶来后再起步。
3) 不延误地继续行驶。",,"The traffic light is green. Which direction are you allowed to follow?
1) Only straight ahead.
2) Any direction, as long as this is not forbidden by any other traffic sign.
3) Only right or left.","交通信号灯是绿色的。你被允许沿哪个方向行驶？
1) 只能直行。
√ 2) 任何方向，只要该方向不被其他任何交通标志禁止。
3) 只能向左或向右。",,"What does this traffic sign mean?
1) Danger due to the frequent passage of pedestrians.
2) Road for pedestrians only, where vehicles, except for emergency ones, are forbidden, and road for entry to, and exit from roadside properties.
3) Pedestrians accompanying children are permitted only.","这个交通标志（蓝色圆圈内有行人图案）是什么意思？
1) 因行人频繁经过产生的危险。
√ 2) 仅限行人使用的道路，禁止除紧急车辆以外的其他车辆进入，但允许路边房产的车辆出入。
3) 仅准许带小孩的行人通过。",,"At what distance from a bus-stop are you allowed to park your vehicle?
1) At a distance of over 5 m.
2) At a distance of over 10 m.
3) At a distance of over 12 m.","在距离公交车站多远的地方你才被允许停车？
1) 超过 5 米。
2) 超过 10 米。
√ 3) 超过 12 米。",,"On curves, if your car is overloaded:
1) Swerving danger is increased.
2) Swerving danger is reduced.","在弯道上，如果你的车超载了：
√ 1) 侧滑/偏离的危险会增加。
2) 侧滑/偏离的危险会降低。",,"The aim of the tyre tread is to:
1) Remove the water from the road.
2) Decorate the car.","轮胎花纹的作用是：
√ 1) 排除路面的积水（防止水滑）。
2) 装饰汽车。",,"You are approaching a school. The students are leaving the school building. What should you have in mind?
1) That all students behave in accordance with the regulations of the highway code.
2) That students may run out carelessly to the road.","你正接近一所学校。学生们正在离开教学楼。你应该考虑到什么？
1) 所有学生都会按照交通规则行事。
√ 2) 学生们可能会不小心跑向马路。",,"In case of an abrupt slow-down of traffic, how would you inform the vehicles that follow?
1) By pressing successively the footbrake pedal so that the brake lights flash.
2) You should switch on the fog lights.","在交通流量突然减速的情况下，你如何告知后方车辆？
√ 1) 连续踩踏脚刹车踏板，使刹车灯闪烁。
2) 你应该开启雾灯。"
"What are the minimum pharmaceutical materials you have to carry in the first-aid kit of the car?
1) Spirit and iodine.
2) Spirit, peroxide of hydrogen, iodine and gauzes.
3) Spirit, iodine, cotton, sterilized gauzes, various bandages, adhesive plaster.","汽车急救箱里必须携带的最基本的医疗材料是什么？
1) 酒精和碘伏。
2) 酒精、双氧水、碘伏和纱布。
√ 3) 酒精、碘伏、棉花、无菌纱布、各种绷带、医用胶布。",,"The braking distance is:
1) The distance needed for immobilising your vehicle from the moment you saw the obstacle.
2) The distance covered by your vehicle from the moment you pressed the footbrake to the moment of its immobilisation.","刹车距离（Braking distance）是指：
1) 从你看到障碍物那一刻起使车辆静止所需的距离。
√ 2) 从你踩下脚刹车那一刻起到车辆完全停止所行驶的距离。",,"Committing the offence of escape means:
1) Not stopping at the scene of an accident while you have been involved in it as a culprit.
2) Leave the scene of the accident in order to place the warning triangle.","构成“逃逸罪”意味着：
√ 1) 虽然你作为肇事者卷入事故，但没有在事故现场停车。
2) 离开事故现场去放置三角警示牌。",,"If you must stop in a motorway:
1) You should switch on the hazard warning lights and, if possible, ensure that the passengers are behind the safety bars.
2) You should place the warning triangle at a distance of at least 50 m.","如果你必须在高速公路上停车：
√ 1) 应开启双闪灯，如果可能，确保乘客留在安全护栏后方。
2) 应在至少 50 米远的地方放置三角警示牌。",,"How long is the load allowed to jut out from the rear part of a passenger car with a body of 4 m long?
1) 0,50 m at most.
2) 1,80 m at most.
3) 1,20 m at most.","对于车身长 4 米的轿车，货物允许从后部伸出多长？
1) 最多 0.50 米。
2) 最多 1.80 米。
√ 3) 最多 1.20 米（车身长的 30%）。",,"You are approaching a crossroads where you have not noticed whether there is a traffic sign regulating priority. What should you do?
1) Obey the rule of priority from the right.
2) Wait and, if necessary, agree with the other drivers about who will have the right of way.
3) Continue your course, since you are moving straight.","你正接近一个路口，但没注意到是否有规定优先权的交通标志。你应该怎么办？
1) 遵守“右侧先行”的优先权规则。
√ 2) 等待，如有必要，与其他司机协商谁拥有优先权。
3) 继续行驶，因为你是直行。",,"Which vehicle should cross the intersection last and which first?
1) 3 should be the last and 1 should be the first.
2) 1 should be the last and 2 should be the first.
3) 1 should be the last and 3 should be the first.","哪辆车应最后通过路口，哪辆应最先通过？
1) 3号最后，1号最先。
2) 1号最后，2号最先。
√ 3) 1号最后，3号最先。",,"You are driving the red vehicle:
1) The blue van should pass before you.
2) You should allow both vans to pass.
3) The yellow pick-up van should pass before you.","你正驾驶红色车辆：
1) 蓝色厢式货车应在你之前通过。
2) 你应该允许两辆厢式货车通过。
√  3) 黄色皮卡车应在你之前通过。",,"You are moving in the middle lane and wish to turn right at the traffic lights. What should you do?
1) Speed up, overtake the motor-cyclist and turn fast so as to have the time to pass while the light is still green.
2) Warn the drivers who follow using the direction indicators of your vehicle, change lane to the right and turn right as long as this is permitted by the traffic signs and lights.","你行驶在中间车道并想在信号灯处右转。你应该怎么办？
1) 加速，超过摩托车手并快速转弯，以便在绿灯结束前通过。
√ 2) 使用转向灯告知后方司机，换到右侧车道，并在交通标志和信号灯允许的情况下右转。",,"Which vehicle is allowed to turn?
1) Vehicle 1.
2) Vehicle 2.
3) Both vehicles.","哪辆车允许转弯？
1) 车辆 1
√  2) 车辆 2
3) 两辆车（根据交警侧身手势指示）",,"In order to enter a normal lane of a motorway:
1) You should speed up, look through the exterior mirror and change lane.
2) You should look through the exterior mirror, speed up and change lane.
3) You should speed up, enter gradually and change lane.","为了（从加速车道）进入高速公路的正常车道：
1) 你应该加速，观察外后视镜，然后变换车道。
√ 2) 你应该观察外后视镜，加速，然后变换车道。
3) 你应该加速，逐渐进入并变换车道。",,"The stability of your vehicle may be affected by side winds. This is more likely when you are driving:
1) On a part of a road which does not have lateral obstacles.
2) In a tunnel.
3) In a residential area.","侧风可能会影响车辆的稳定性。当你行驶在何处时最容易发生这种情况？
√ 1) 没有侧面障碍物（如护栏、山体或建筑遮挡）的路段。
2) 隧道内。
3) 住宅区内。",,"Which of the following offences may be prosecuted as a misdemeanour?
1) Escaping from the scene of an accident.
2) Not obeying the STOP traffic sign.","下列哪种违法行为可能被作为刑事犯罪（轻罪）起诉？
√ 1) 从事故现场逃逸。
2) 不遵守 STOP 交通标志。",,"On a long downhill it is preferable that you should:
1) Drive having engaged the neutral.
2) Change into a lower gear so as to take advantage of engine braking.
3) Brake continually.","在长下坡路段，较好的做法是：
1) 挂空挡滑行。
√ 2) 换入低速挡，以便利用发动机制动。
3) 持续踩刹车。",,"In a road with heavy traffic you have taken up a position in order to turn left. While at the crossroads you realize that you should have turned right. What should you do?
1) Stop and by reversing try to take up the correct position (in the road).
2) Turn left.
3) Warn the other road users through the horn, switch on the right indicator and then turn right.","在交通繁忙的道路上，你已经占据了左转位置。但在交叉路口时你意识到应该右转。你应该怎么办？
1) 停车并尝试通过倒车来占据正确的（右转）位置。
√ 2) 必须左转（遵循已选车道的指示）。
3) 鸣笛警告其他道路使用者，开启右转向灯然后右转。",,"The use of air conditioning in your motor vehicle:
1) increases fuel consumption
2) reduces fuel consumption
3) does not affect fuel consumption","在车内使用空调：
√ 1) 增加油耗。
2) 减少油耗。
3) 不影响油耗。",,"Which hours must you have the dipped headlights of your car on when moving?
1) From sunrise to sunset.
2) Half an hour after sunset and up to half an hour before sunrise.
3) From 7 in the evening till 6 in the morning.","行驶时必须开启近光灯的时间段是：
1) 从日出到日落。
√ 2) 日落后半小时到日出前半小时。
3) 从晚上 7 点到次日早晨 6 点。",,"How can you carry a small child in your passenger car as safe as possible?
1) On the co-driver’s seat.
2) In the arms of a person sitting on the front seat.
3) On the rear seat, on a child seat of an approved type.","如何在轿车内尽可能安全地携带幼儿？
1) 坐在副驾驶座上。
2) 由坐在前排座椅的人抱在怀里。
√ 3) 坐在后排座椅上，并使用经批准类型的儿童座椅。",,"When should you switch off the engine in order to save fuel and reduce environmental pollution?
1) When you are immobilised for long in a traffic jam.
2) Every time you stop at a STOP sign.","为了省油和减少环境污染，你应该在什么时候关闭发动机？
√ 1) 当你在交通拥堵中长时间停滞时。
2) 每次在 STOP 标志前停车时。",,"In which of the following cases is overtaking forbidden?
1) In one-way streets.
2) When the leading vehicle is going to turn right.
3) When the leading vehicle stops, in order to facilitate passage of pedestrians.","在下列哪种情况下禁止超车？
1) 在单行道中。
2) 当前车准备右转时。
√ 3) 当前车停车以方便行人通过时。",,"Why must safety distance be longer when it starts raining?
1) It is very likely that due to the dirt existing on the road a dangerous layer of sludge may be created on the road, which may increase braking distance.
2) Braking distance is reduced.
3) Visibility is increased.","为什么刚开始下雨时安全距离必须加长？
√ 1) 因为路面原有的尘土很可能与雨水结合形成一层危险的泥浆膜，从而增加刹车距离。
2) 刹车距离会缩短。
3) 能见度会增加。",,"Every time you meet this traffic sign, entry is forbidden to:
1) All vehicles.
2) Motor vehicles.
3) All bicycles and agricultural machinery.","每当你遇到这个交通标志（红底白横杠/禁止驶入）时，禁止进入的对象是：
1) 所有车辆。
√  2) 仅限机动车。
3) 所有自行车和农用机械。",,"Where would you expect to see this traffic sign?
1) In a motorway, before a two-level interchange.
2) In a motorway, after a two-level interchange.
3) In a highway, before an intersection.","你期望在哪里看到这个交通标志？
√ 1) 在高速公路中，立体交叉互通枢纽之前。
2) 在高速公路中，立体交叉互通枢纽之后。
3) 在普通公路中，路口之前。",,"You are by mistake in a slow-down lane and you realize that late:
1) You should change lane.
2) You should stay in the same lane, even if you made a mistake.","你误入了减速车道（出口车道）且发现得太晚了：
1) 你应该变换车道切回主路。
√ 2) 你应该继续留在该车道行驶，即使你走错了（严禁在出口处强行切回）。",,"Wishing to go to Iraklio, what would you do if you saw this traffic sign?
1) Turn right.
2) Turn left.
3) Continue straight ahead.","如果你想去 Iraklio，看到这个交通标志你会怎么做？
1) 右转。
2) 左转。
√  3) 继续直行。",,"This traffic sign indicates:
1) Danger due to the passage of pedestrians.
2) No entry to pedestrians.
3) Route for pedestrians only.","这个交通标志指示：
√ 1) 因行人经过产生的危险。
2) 禁止行人进入。
3) 仅限行人行驶的路线。",,"What does this traffic sign mean?
1) Parking place for vehicles of persons with reduced mobility.
2) Parking place for wheelchairs.
3) Road for wheelchairs only.","这个交通标志（轮椅图案）是什么意思？
√ 1) 残疾人（行动不便者）专用停车位。
2) 轮椅停放处。
3) 仅限轮椅通行的道路。",,"What does this traffic sign mean?
1) From this point, waiting and parking are forbidden.
2) From this point, prohibitions of waiting and parking cease.
3) Waiting and parking are forbidden on the opposite side of the road.","这个交通标志（禁停标志带有一个指向下方的箭头 ↓）是什么意思？
1) 从此点起，禁止临时停车和泊车。
√ 2) 从此点起，禁止临时停车和泊车的限制结束（向下箭头表示“到此为止”）。
3) 道路对面禁止临时停车和泊车。",,"What should you do if you saw this traffic sign?
1) Give way to the cars that are coming from the opposite direction.
2) Continue, because you have priority over the cars that are coming from the opposite direction.","如果你看到这个交通标志（蓝底方形，内有白色向上箭头和红色向下箭头），你应该怎么办？
1) 给对向行驶的车辆让行。
√ 2) 继续行驶，因为你对向行驶的车辆拥有优先权。",,"What does the green traffic light in the shape of a vertical arrow showing downwards mean?
1) You are allowed to drive in all lanes of the road.
2) You are allowed to drive in the lane over which the arrow is.
3) You are not allowed to drive in the lane over which the arrow is.","垂直向下指向的绿色箭头信号灯（车道控制灯）是什么意思？
1) 你被允许在道路的所有车道行驶。
√ 2) 你被允许在该箭头所指的车道内行驶。
3) 你不被允许在该箭头所指的车道内行驶。",,"What does this traffic sign mean?
1) Road only for mopeds and pedestrians.
2) Each category of users must use the side of the passage which has been specially designated for this category.
3) No entry to pedestrians and mopeds.","这个交通标志（蓝色圆圈内被线条分隔的行人和轻便摩托车）是什么意思？
1) 仅限轻便摩托车和行人的道路。
√ 2) 每类道路使用者必须使用专门为此类使用者指定的通行一侧。
3) 禁止行人和轻便摩托车进入。",,"When you park your passenger car at night in a street which is not sufficiently lit, which lights should you leave on?
1) The light of the rear number plate.
2) The rear side lights.
3) The front and rear side lights or parking light which is on the part of the traffic.","当你夜间在照明不足的街道上停放轿车时，应开启哪些灯？
1) 后车牌灯。
2) 后侧灯（示宽灯）。
√ 3) 前后侧灯，或者靠近交通流那一侧的停车灯。",,"What should you do in sharp bends?
1) Reduce speed before the bend and speed up only when, after the bend, you follow a straight course.
2) Reduce speed only when you are at the top of the curve.","在急弯处你应该怎么办？
√ 1) 在进入弯道前减速，只有在出弯后的直行路段才加速。
2) 仅在到达弯道顶点（中心点）时减速。",,"Does a lamp have unlimited lifetime?
1) YES
2) NO","灯泡（车灯）是否有无限的使用寿命？
1) 是的
√ 2) 不是。",,"When you are moving in a street outside a residential area which is not sufficiently lit, in which cases are you allowed to use the full beam headlights of the vehicle:
1) When another vehicle is approaching from the opposite direction.
2) When no other vehicle is approaching from the opposite direction and no vehicle is ahead at a small distance.
3) When a vehicle is ahead at a small distance.","当你在光照不足的住宅区外行驶时，在什么情况下允许使用远光灯？
1) 当有另一辆车从相反方向接近时。
√ 2) 当没有其他车辆从相反方向接近，且前方短距离内没有车辆时。
3) 当前方短距离内有车辆时。",,"In an expressway the maximum permissible speed for passenger cars and motorcycles of over 125 cc is:
1) 120 km/h.
2) 110 km/h.","在快速路上，轿车和 125cc 以上摩托车的最高允许限速是：
1) 120 公里/小时。
√ 2) 110 公里/小时。"
"Is the negative effect of sedative and pain-killing drugs increased through the use of alcohol?
1) Yes, and it is multiplied.
2) No, there is no effect.
3) I do not know.","酒精会加剧镇静剂和止痛药的负面作用吗？
√ 1) 是的，而且效果会成倍增加。
2) 不会，没有影响。
3) 我不知道。",,"Which distance should you keep from a leading vehicle?
1) 5 m at least.
2) Such that will ensure, in any case, the timely immobilisation of your vehicle so as to prevent a crash.
3) 5 m at least if the leading vehicle is a passenger car or two-wheeled motorcycle and 10 m at least if it is a lorry or bus.","你应该与前车保持什么样的距离？
1) 至少 5 米。
√ 2) 这种距离应确保在任何情况下都能及时刹车以防碰撞。
3) 如果前车是轿车或摩托车至少保持 5 米，如果是货车或大巴至少保持 10 米。",,"What should you do after an accident with an animal (e.g. a dog)?
1) Stop, switch on the hazard lights and take safety measures at the scene of the accident.
2) Continue your course without stopping.","与动物（如狗）发生事故后你应该怎么做？
√ 1) 停车，开启双闪灯并在事故现场采取安全措施。
2) 继续行驶而不停车。",,"Are you allowed to reverse in an emergency lane?
1) YES
2) NO","允许在应急车道（Emergency lane）倒车吗？
1) 可以
√ 2) 不可以",,"If in your passenger car there are children up to 12 years old, how should they be carried safely?
1) On any seat (front or rear).
2) Only on the rear seats.
3) Only on the rear seats through the use of supporting devices of an approved type (seat belts, child seats, etc.).","如果你的轿车内有 12 岁以下的儿童，应如何安全携带？
1) 任何座位（前排或后排）。
2) 只能坐在后排座位。
√ 3) 只能坐在后排座位，并使用经批准类型的辅助装置（安全带、儿童座椅等）。",,"What should you do if you wish to cross vertically a priority road?
1) You should not hinder significantly those who have priority.
2) If the traffic conditions permit it, you should pass quickly the priority road.","如果你想垂直穿过一条优先权道路（主路），你应该怎么办？
1) 你不应显著阻碍那些拥有优先权的车辆。
√  2) 如果交通条件允许，你应该快速通过该优先权道路。",,"Which vehicle is allowed to move off first?
1) Vehicle 1.
2) Vehicle 2.
3) Vehicle 3.","哪辆车允许最先起步通过？
√  1) 车辆 1。
2) 车辆 2。
3) 车辆 3。",,"In this case:
1) The green vehicle should pass first.
2) The convertible (black) vehicle should allow the other two vehicles to pass before turning left.
3) The convertible (black) vehicle should pass before the green vehicle.","在这种情况下：
1) 绿色车辆应最先通过。
2) 敞篷（黑色）车在左转前应允许另外两辆车通过。
√  3) 敞篷（黑色）车应在绿色车之前通过。",,"The traffic light is green. Your vehicle is moving in the right lane and you intend to turn right. What should you do?
1) Continue your course.
2) Stop behind the traffic lights, because over it there is a traffic sign indicating a compulsory priority giving.","交通信号灯为绿灯。你的车在右侧车道并打算右转。你应该怎么办？
√ 1) 继续行驶。
2) 在信号灯前停止，因为信号灯上方有一个指示必须让行的交通标志。",,"Which vehicle is allowed to pass the intersection?
1) Vehicle 1.
2) Vehicle 2.
3) None.","哪辆车允许穿过路口？
1) 车辆 1
2) 车辆 2
√ 3) 无（交警手势指示所有方向停止）",,"You can recognise a slow-down lane from:
1) The special horizontal line.
2) The traffic sign giving priority.","你可以通过什么来辨认减速车道？
√ 1) 特殊的路面水平标线（通常是粗虚线）。
2) 给予优先权的交通标志。",,"When you are driving your heavily loaded vehicle, tyre pressure must be:
1) Increased.
2) Reduced.
3) As normal.","当你驾驶重载（满载）车辆时，轮胎压力必须：
√ 1) 增加。
2) 减少。
3) 保持正常。",,"Which of the following offences may be prosecuted as a misdemeanour?
1) Not stopping where there is a STOP traffic sign.
2) Content of over 1,10 grams of alcohol per litre of blood.","下列哪种违法行为可能被作为刑事犯罪（轻罪）起诉？
1) 在有 STOP 标志的地方不停车。
√ 2) 每升血液酒精含量超过 1.10 克。",,"What should you do if while driving at night in a clear road you feel symptoms of fatigue (sleepiness, shiver, surprise, etc)?
1) Fight fatigue by smoking a cigarette.
2) Take sufficient rest breaks.","如果你在夜间平坦道路上驾驶时感到疲劳症状（困倦、发抖、惊恐等），你应该怎么办？
1) 通过抽烟来对抗疲劳。
√ 2) 进行充足的休息。",,"If in a two-way street a white continuous line divides the directions, are you allowed to cross them?
1) Yes, if no vehicles are coming from the opposite direction.
2) No, not in any circumstances.
3) Yes, if you are going to overtake another vehicle that is moving at a low speed.","如果在双向街道上有一条白色实线划分方向，你被允许跨越它吗？
1) 可以，如果没有车辆从相反方向驶来。
√ 2) 不可以，在任何情况下都不行。
3) 可以，如果你准备超越一辆低速行驶的车辆。",,"The noise caused by motor vehicles:
1) is reduced when you speed up
2) is reduced if the engine has been cleaned
3) can be reduced by proper driving, avoiding braking and speeding up sharply","机动车产生的噪音：
1) 在加速时会减少。
2) 如果清洁了发动机就会减少。
√ 3) 可以通过正确的驾驶习惯来减少，例如避免急刹车和猛加速。",,"It is foggy and you are driving in a motorway having a visibility of 40 m. What speed must you not exceed?
1) 70 km/h.
2) 50 km/h.
3) 90 km/h.","雾天你在高速公路上行驶，能见度为 40 米。你的车速不得超过多少？
1) 70 公里/小时。
√ 2) 50 公里/小时。
3) 90 公里/小时。",,"What may happen if passengers sitting on the rear seats do not use the existing seat belts?
1) In a crash they create for the driver and co-driver an additional danger of injury.
2) Nothing, because the head restraints of the front seats offer sufficient protection against injuries.","如果坐在后排座位的乘客不使用安全带，可能会发生什么？
√ 1) 在碰撞中，他们会冲向前排，对驾驶员和副驾驶造成额外的受伤风险。
2) 没什么，因为前排座椅的头枕提供了足够的保护。",,"What can you do while in the city in order to save fuel and reduce environmental pollution?
1) Press the accelerator when there is a red traffic light and brake harshly when approaching traffic lights.
2) Drive prudently so as to avoid unnecessary acceleration or useless braking.","在市内行驶时，为了省油和减少环境污染，你可以做什么？
1) 遇红灯时踩油门，接近路口时猛刹车。
√ 2) 谨慎驾驶，避免不必要的加速或无用的刹车。",,"From which of the following vehicles, when overtaking it, should you keep longer distance for safety reasons?
1) From the lorry.
2) From the passenger vehicle.
3) From the bicycle.","超车时，为了安全起见，你应与下列哪种车辆保持更长的距离？
1) 货车。
2) 轿车。
√ 3) 自行车。",,"Frozen roads are often more slippery:
1) When it starts snowing.
2) At the beginning of spring.
3) When the snow starts thawing.","结冰的路面通常在什么时候更滑？
1) 刚开始下雪时。
2) 春天开始时。
√ 3) 雪开始融化时。",,"What does this traffic sign mean?
1) Road closed to all vehicles from both directions.
2) Approaching a roundabout.
3) No through road.","这个交通标志（白底红圈/空心圆）是什么意思？
√ 1) 道路双向禁止所有车辆通行。
2) 接近环岛。
3) 此路不通。",,"What does this traffic sign mean?
1) Warning of exit from a motorway.
2) Warning of direction of entry to a motorway.
3) Warning of entry to an expressway.","这个交通标志是什么意思？
1) 预告驶出高速公路。
√ 2) 预告进入高速公路的方向。
3) 预告进入快速路。",,"In this case, are you allowed to overtake?
1) YES
2) NO","在这种情况下，你被允许超车吗？
√  1) 可以
2) 不可以",,"What does this traffic sign mean?
1) Direction towards Athens.
2) Direction towards the airport of Athens.
3) Turn right ahead.","这个交通标志（带有飞机图标）是什么意思？
1) 通往雅典的方向。
√ 2) 通往雅典机场的方向。
3) 前方右转。",,"This traffic sign indicates danger from:
1) Frequent strong wind (as the direction of the windsock shows).
2) Strong headwinds due to approaching an airport.","这个交通标志指示危险来自：
√ 1) 频繁的强风。
2) 由于接近机场而产生的强逆风。",,"What does this traffic sign mean?
1) End of archaeological site.
2) End of inhabited area.
3) End of tourist area.","这个交通标志（地名加红色斜杠）是什么意思？
1) 考古遗址结束。
√ 2) 居住区（城镇）结束。
3) 旅游区结束。",,"Which direction has priority?
1) Direction α-β.
2) Direction α-γ.
3) None.","根据示意图，哪个方向拥有优先权？
√ 1) α-β 方向。
2) α-γ 方向。
3) 都没有。",,"What should you do if you saw this traffic sign?
1) Continue giving way to the cars that are coming from the opposite direction.
2) Continue having way over the cars that are coming from the opposite direction.
3) Continue without turning, because only straight movement is permitted.","如果你看到这个交通标志（红圈，内有黑色向上箭头和红色向下箭头），你应该怎么办？
√ 1) 继续给对向行驶的车辆让行。
2) 对向行驶的车辆拥有优先权。
3) 继续直行不转弯，因为只允许直行。",,,,,"What does this traffic sign mean?
1) Compulsory movement of vehicles in a row.
2) Circular compulsory course.
3) Approaching a circular compulsory course.","这个交通标志（蓝色圆圈内的环形箭头）是什么意思？
1) 车辆强制排队行驶。
√ 2) 环形强制行驶路线（环岛）。
3) 接近环形强制行驶路线。",,"At what distance from a crossroads are you allowed to park your vehicle?
1) At a distance of at least 1 m from the pedestrian crossing.
2) At a distance of over 10 m from the imaginary extension of the closest borderline of the vertical road.
3) At a distance of at least 15 m from the centre of the crossroads.","在距离十字路口多远的地方你才被允许停车？
1) 距离行人过街横道至少 1 米。
√ 2) 距离垂直道路最近边缘的虚拟延长线 10 米以上。
3) 距离十字路口中心至少 15 米。",,"What can lead to very dangerous situations when negotiating a bend?
1) Steady speed within the bend.
2) Lane change within the bend.","在弯道行驶中，什么会导致非常危险的情况？
1) 在弯道内保持匀速。
√ 2) 在弯道内变换车道。",,"A bad balancing:
1) Causes the steering-wheel to vibrate and tyres to wear prematurely.
2) Causes the vehicle to deviate from its course.","不好的车轮平衡（动平衡不良）会：
√ 1) 导致方向盘震动和轮胎过早磨损。
2) 导致车辆偏离行驶路线。",,"In which cases is horn sounding allowed in cities?
1) When you intend to overtake another vehicle.
2) In cases of emergency for preventing an accident and when you carry persons who are in danger or need medical first aid.
3) Under no circumstances.","城市里在什么情况下允许鸣笛？
1) 当你打算超越另一辆车时。
√ 2) 在预防事故的紧急情况下，以及当你车内载有处于危险或需要医疗急救的人员时。
3) 在任何情况下都不允许。",,"When you are driving for a long time at a high speed:
1) Reaction readiness is increased.
2) You should drive very close to the leading vehicle.
3) The feeling of speed is reduced.","当你长时间高速驾驶时：
1) 反应准备状态会增加。
2) 你应该紧跟前车驾驶。
√ 3) 对速度的感觉会减弱（你会觉得开得没那么快）。"
"What does driving of a vehicle cause, when the driver is under the influence of alcohol?
1) Nothing.
2) Vigilance and alertness.
3) Sleepiness, difficulty in thinking, lack of judgement, etc.","当司机在酒精影响下驾驶车辆会导致什么？
1) 没什么。
2) 提高警觉和敏锐度。
√ 3) 困倦、思考困难、缺乏判断力等。",,"Your reaction time while braking harshly and moving at 50 km/h is 1 sec. What distance will you have covered during reaction time?
1) 20 m.
2) 15 m.
3) 25 m.","在以 50 公里/小时速度行驶并紧急刹车时，你的反应时间是 1 秒。在反应时间内你会行驶多少距离？
1) 20 米。
√ 2) 15 米。
3) 25 米。",,"Is insurance of vehicles compulsory?
1) YES
2) NO","车辆保险是强制性的吗？
√ 1) 是的
2) 不是",,"In an emergency lane you can:
1) Stop and relax for a while.
2) Replace a flat tyre.","在应急车道内你可以：
1) 停车休息一会儿。
√ 2) 更换爆胎。",,"Why is it dangerous to accelerate hard during starting?
1) Because the driving wheels may lock.
2) Because the driving wheels may spin and due to that stones and other objects may be ejected to the vehicles that follow.","为什么起步时猛踩油门加速是危险的？
1) 因为驱动轮可能会锁死。
√ 2) 因为驱动轮可能会打滑旋转，导致石块或其他物体飞溅到后面的车辆。",,"Does these yellow lines (mesh) oblige vehicles to wait until they turn?
1) YES.
2) NO.","这些黄色网格线（Mesh）是否强制车辆在转弯前必须在里面等待？
1) 是的。
√ 2) 不是（网格线禁止停车等待，以免堵塞交通）。",,"In which order must the vehicles cross the intersection?
1) 2-1-3.
2) 3-2-1.
3) 1-2-3.","车辆必须按什么顺序穿过路口？
1) 2-1-3。
√ 2) 3-2-1。
3) 1-2-3。",,"When you meet this traffic sign:
1) You must give way to the vehicles that come from the right only.
2) You must stop at the dividing line and give way to the vehicles that come from the left and right.","当你遇到这个交通标志（STOP）时：
1) 你必须仅向右侧来车让行。
√ 2) 你必须在连续白线处停车，并给来自左侧和右侧的车辆让行。",,"The traffic light is green and there is a STOP traffic sign attached thereto. What should the car driver do?
1) Reduce the speed of their vehicle.
2) Stop before the intersection and continue their course only after making sure that no vehicles are moving in the road they will enter.
3) Cross the intersection without stopping.","交通信号灯为绿灯，但同时附带了一个 STOP 交通标志。汽车司机应该怎么办？
1) 降低车速。
2) 在路口前停车，确保没有车辆进入后继续行驶。
√ 3) 无需停车，直接通过路口（绿灯效力高于标志）。",,"Which vehicle is allowed to turn?
1) Vehicle 1.
2) Vehicle 2.
3) None.","哪辆车允许转弯？
1) 车辆 1
2) 车辆 2
√ 3) 无（手势不准许转弯）",,,,,"In case of a failure of the braking system:
1) You should change into a lower gear, apply the handbrake pressing the button continually, look for a free space and press the footbrake pedal repeatedly.
2) You should lift the handbrake persistently.","万一脚刹车系统失灵：
√ 1) 应换入低挡（发动机制动），持续按住按钮（防止锁死）使用手刹，寻找空地并反复踩踏脚刹踏板。
2) 应坚持拉起手刹。",,"It constitutes an offence to drive a car with the lights off:
1) In the night-time.
2) In the day-time.
3) Any hour of the day.","在什么时候不开灯驾驶汽车构成违法：
1) 在夜间。
2) 在白天。
√  3) 一天中的任何时间。",,"How can fatigue be prevented at a long driving?
1) By better ventilation.
2) By drinking coffee while driving.
3) By taking regular rest breaks.","长途驾驶时如何预防疲劳？
1) 通过加强通风。
2) 边开车边喝咖啡。
√ 3) 通过定期休息。",,"When you stop at the red traffic light, which is the correct position of your vehicle?
1) At the level of the traffic light.
2) Before the traffic lights, and the front part of the vehicle should not cover at all the STOP line before the pedestrian crossing.
3) At any position before the crossroads.","当你红灯停车时，车辆的正确位置应该是？
1) 在红绿灯的水平位置。
√ 2) 在红绿灯之前，且车辆前部完全不应压住行人过街横道前的停止线（STOP line）。
3) 交叉路口前的任何位置。",,"For reducing fuel consumption:
1) you should avoid flat runs
2) you should drive at a steady speed
3) you should use more dilute oil","为了降低油耗：
1) 你应避免在平坦路面行驶。
√ 2) 你应保持匀速行驶。
3) 你应使用更稀的机油。",,"In the day-time you should use your lights:
1) When reversing.
2) When visibility is insufficient.
3) When driving in country roads.","在白天，你应该在什么时候使用车灯：
1) 倒车时。
√ 2) 当能见度不足时。
3) 在乡间道路行驶时。",,"At what distance must the full beam headlights of a car light sufficiently the road at night in good weather conditions?
1) 100 m.
2) 40 m.
3) 300 m.","在天气良好的夜间，汽车的远光灯（Full beam）必须能充分照亮前方道路至少多远？
√ 1) 100 米。
2) 40 米（这是近光灯的标准）。
3) 300 米。",,"Which drives should you avoid in order to save fuel?
1) Nearby drives, e.g. to the kiosk of the neighbourhood.
2) Drives through roads with small traffic.","为了省油，你应该避免哪些驾驶行程？
√ 1) 极短途行程，例如去家门口的小报亭。
2) 在车流较小的道路上行驶。",,"What is your obligation when you realize that the driver of the vehicle that follows intends to overtake you?
1) Continue your course on the part of the road you already are, even if you can easily move to the right end of the road.
2) Increase the speed of your vehicle.
3) Move your car as right as possible and, if necessary, slow down so that overtaking is carried out safely.","当你意识到后车驾驶员打算超越你时，你的义务是什么？
1) 继续在原位置行驶，即使你可以轻易移动到道路右端。
2) 增加你的车速。
√ 3) 将车尽可能靠右行驶，并在必要时减速，以便安全完成超车。",,"After a long dry spell a road may be more slippery:
1) When it starts raining.
2) After a two-hour raining.
3) When it stops raining.","经过长期的干旱天气后，路面在什么时候最滑？
√ 1) 刚开始下雨时。
2) 下了两小时雨后。
3) 雨停时。",,"It is the 14th of May. Are you allowed to park on the side of the road where there is such a traffic sign?
1) YES
2) NO","今天是 5 月 14 日。你被允许在有此标志（带一个垂直白条的禁止停车标志）的路边停车吗？
1) 可以
√  2) 不可以 （注：在希腊，一杠代表单数月禁停，二杠代表双数月禁停。5月是单数月）。",,"Where would you meet this traffic sign?
1) Before a slow-down lane of a motorway.
2) At an exit from an expressway.
3) Before a level railway crossing.","你会在哪里遇到这个交通标志（三条斜杠的出口距离牌）？
√ 1) 在高速公路减速车道（出口）之前。
2) 在快速路出口处。
3) 在铁路平交道口之前。",,"In this picture where you are moving towards the direction of the arrow, the borderline of the road corresponds to point:
1) 1
2) 2","在图中你向箭头方向行驶，道路的边界线（边缘线）对应点是：
√ 1) 1
2) 2",,"What does this traffic sign mean?
1) Direction of vehicles for parking near an Underground station.
2) Direction towards an Underground station.
3) Direction of vehicles towards a place of permissible parking.","这个交通标志（带有地铁图标）是什么意思？
√   1) 引导车辆在地铁站附近停车。
2) 通往地铁站（Underground station）的方向。
3) 引导车辆前往准许停车地点的方向。",,"What does this traffic sign mean?
1) Branch with a vertical road where priority from the right applies.
2) Branch with a vertical right road, those moving on which must give priority.
3) Turn right ahead.","这个交通标志是什么意思：
1) 与垂直路口交汇，且适用右侧先行原则。
√ 2) 与右侧垂直支路交汇，支路上的车辆必须让你优先通行。
3) 前方右转。",,"Which of these traffic signs means One-way street?
1) Traffic sign (A).
2) Traffic sign (B).","这些标志中哪个表示单行道（One-way street）？
√ 1) 交通标志 (A)（蓝色方形白箭头）。
2) 交通标志 (B)。",,"What does this traffic sign mean?
1) Waiting and parking are forbidden.
2) Waiting and parking are forbidden and the vehicles of the offenders will be removed.
3) The movement of a combination of vehicles (tractive unit with trailer) is permitted.","这个交通标志（禁停标志下带有拖车图标）是什么意思？
1) 禁止临时停车和泊车。
√ 2) 禁止临时停车和泊车，违规车辆将被拖走。
3) 准许车组（带挂车的牵引车）通行。",,"What does this traffic sign mean?
1) End of priority road.
2) End of all prohibitions.
3) Entry to a square.","这个交通标志（黄心菱形带黑色斜杠）是什么意思？
√ 1) 优先权道路（主路）结束。
2) 所有禁令结束。
3) 进入广场。",,"黄灯处理：希腊驾考中，如果你离停止线非常近且车速较快，紧急刹车反而会造成追尾或停在路口中间，此时“加速通过”是正确答案。
","闪烁红灯：在希腊，闪烁的红灯等同于 STOP 标志，必须完全停死观察后再走。
",,"What does this traffic sign mean?
1) Dangerous left bend ahead.
2) Turn left ahead.
3) Left turn is forbidden.","这个交通标志（蓝色圆圈内指向左侧的箭头）是什么意思？
1) 前方左侧有危险弯道。
√ 2) 前方必须左转。
3) 禁止左转。",,"At what distance from the traffic lights are you allowed to park your vehicle?
1) At a distance of over 5 m.
2) At a distance of over 10 m.
3) At a distance of over 20 m.","在距离交通信号灯多远的地方你才被允许停车？
1) 超过 5 米。
2) 超过 10 米。
√ 3) 超过 20 米。",,"What should a driver of a vehicle that follows a heavy vehicle which intends to turn right have in mind?
1) The heavy vehicle before turning will move to the left part of the road.
2) The heavy vehicle will take up a position on the right part of the road.","跟随一辆打算右转的重型车辆（大车）的驾驶员应该考虑到什么？
√ 1) 重型车辆在右转前会先向道路的左侧移动（以便转大弯）。
2) 重型车辆会直接贴着道路右侧转弯。",,"A bad wheel alignment causes:
1) Deviation from the course and wear to the tyre tread.
2) Strong vibrations.","不好的车轮定位（四轮定位不良）会导致：
√ 1) 行驶路线偏移和轮胎花纹磨损。
2) 强烈的震动。",,"As you are driving you see a pedestrian who carries a white stick. He/she is possibly:
1) Blind.
2) Deaf.
3) A person with walking difficulties.","驾驶时你看到一名拿着白色手杖的行人。他/她可能是：
√ 1) 盲人。
2) 聋人。
3) 走路困难的人。",,"What is the maximum permissible speed limit for passenger cars on expressways, when this is not specified by special traffic signs?
1) 100 km/h.
2) 110 km/h.
3) 90 km/h.","如果没有任何特殊交通标志规定，轿车在快速路上的最高允许限速是多少？
1) 100 公里/小时。
√ 2) 110 公里/小时。
3) 90 公里/小时。"
"Do sedative and pain-killing drugs affect negatively driver’s ability?
1) No, if they have been prescribed by a doctor.
2) Yes, because they cause sleepiness, difficulty in thinking, etc.
3) It depends on the person’s body.","镇静剂和止痛药会负面影响驾驶能力吗？
1) 不会，如果是医生开的药。
√ 2) 是的，因为它们会导致困倦、思考困难等。
3) 取决于个人的体质。",,"The term reaction distance refers to:
1) The distance you cover from the moment you see an obstacle to the moment you press the footbrake.
2) The distance the driver thinks they will need in order to stop.
3) The distance of 1 m per km of speed.","“反应距离”一词是指：
√ 1) 从你看到障碍物那一刻起到你踩下脚刹车那一刻所行驶的距离。
2) 驾驶员认为他们停车所需的距离。
3) 每公里时速对应 1 米的距离。",,"The minimum and compulsory insurance towards third parties covers?
1) Any wears and damages caused to third parties and to passengers of your car.
2) Wears caused to your car.","最低限度的强制性第三方责任险涵盖哪些内容？
√ 1) 对第三方和对自己车内乘客造成的任何伤害和损失。
2) 对自己车辆造成的损坏。",,"In a motorway while raining:
1) You must switch on your rear fog lights.
2) You must slow down as soon as the rain obliges you to use the windscreen-wipers.","高速公路上遇到下雨：
1) 必须开启后雾灯。
√ 2) 一旦雨势迫使你使用雨刮器，就必须减速。",,"How should a driver warn the other vehicles of the failure of his/her vehicle while he/she is moving and must immobilise it?
1) He/she must switch on the hazard warning lights.
2) He/she must switch on the side lights.","驾驶员在行车中发现车辆故障必须停车时，应如何提醒其他车辆？
√ 1) 必须开启危险报警闪光灯（双闪）。
2) 必须开启侧灯（示宽灯）。",,"When turning at a crossroads, you are leaving the dangerous area:
1) As soon as you finish your turn.
2) As soon as you have developed the speed at which the vehicles in the street you entered are moving.","在路口转弯时，你在何时算离开危险区域？
1) 一完成转弯。
√ 2) 一旦你的车速达到了你所进入街道的车辆行驶速度。",,"In which order are vehicles allowed to cross this intersection?
1) 1-2-3.
2) 2-1-3.
3) 3-2-1.","车辆允许按什么顺序穿过此路口？
√  1) 1-2-3。
2) 2-1-3。
3) 3-2-1。",,"What does this traffic sign mean?
1) That you probably have to give priority at the next intersection.
2) That after the next intersection you will have priority again.","这个交通标志（倒三角）是什么意思？
√ 1) 你可能需要在下一个路口让行。
2) 下一个路口后你将再次拥有优先权。",,"Which vehicle must stop and wait?
1) Vehicle 1.
2) Vehicle 2.
3) Vehicle 3.","哪辆车必须停止并等待？
1) 车辆 1。
√ 2) 车辆 2。
3) 车辆 3。",,"Which vehicles are allowed to turn?
1) Vehicles 1 and 2.
2) Vehicles 2 and 3.
3) All three vehicles.","哪些车辆允许转弯？
√  1) 车辆 1 和 2
2) 车辆 2 和 3
3) 所有三辆车（在交警允许通行的方向上）",,"减速车道：绝对不能在高速公路的主干道上踩刹车，必须先进减速道再刹车。
","加速车道：进入主路前必须先看镜子寻找间隙，然后加速匹配主路车流速度，最后并入。
",,"If you stop due to a break-down on a railway crossing, the first thing you should do is to:
1) Phone the person responsible for the crossing.
2) Push the vehicle off the crossing.
3) Take all passengers out of the vehicle and away from it.","如果你因故障停在铁路道口上，你首先要做的是：
1) 给道口负责人打电话。
2) 将车辆推离道口。
√ 3) 让所有乘客下车并远离车辆。",,"You have been involved in an accident which resulted in an injury only. You must refer the accident to the police within:
1) 24 hours.
2) 48 hours.
3) As soon as possible.","你卷入了一场仅导致人身伤害的事故。你必须在多长时间内向警方报告该事故？
1) 24 小时。
2) 48 小时。
√ 3) 尽快（尽可能快地）。",,"When should a driver set out on a long journey?
1) In morning hours after a normal sleep and rest.
2) After the end of the work so as to gain the time of the following morning.
3) Whenever and in whichever condition they are.","驾驶员应该在什么时候开始长途旅行？
√ 1) 在经过正常睡眠和休息后的早晨。
2) 工作结束后立即出发，以便争取第二天早上的时间。
3) 无论何时、无论处于何种状态都可以。",,"In which cases can vehicles move on the lines that divide the lanes?
1) When traffic in parallel lines (rows) is allowed.
2) When the lines are broken.
3) Under no circumstances.","在什么情况下车辆可以骑在划分车道的标线上行驶？
1) 当允许平行排队行驶时。
2) 当标线是虚线时。
√ 3) 在任何情况下都不允许。",,"The pollution caused by petrol engine motor vehicles:
1) may be due to poor (bad) timing engine
2) does not depend on the timing engine
3) does not depend on the existence of lead in petrol","汽油发动机机动车造成的污染：
√ 1) 可能是由于发动机点火正时（Timing）不良引起的。
2) 不取决于点火正时。
3) 不取决于汽油中是否含铅。",,"Every time you overtake a vehicle in the night-time and you are allowed to switch on the full beam headlights, you should do this:
1) Just before moving to the left.
2) When you are on the left and before reaching its level.
3) When you are on the same level with it.","夜间超车时，如果你被允许切换到远光灯，应该在什么时候切换：
1) 就在向左侧移动之前。
2) 当你在左侧且尚未到达被超车辆水平位置时。
√ 3) 当你与被超车辆处于同一水平位置时。",,"What should the driver be careful about when using the mirrors of a passenger vehicle?
1) The interior mirror gives always full visibility to the right.
2) In a certain area (blind spot) cars that are overtaking may not be visible.","驾驶员在使用轿车后视镜时应注意什么？
1) 室内后视镜始终能提供右侧的完整视野。
√ 2) 在特定区域（盲区），超车车辆可能无法被看见。",,"How can you save fuel when waiting for long behind closed mobile railway barriers?
1) By switching off the radio.
2) By switching off the engine.","在关闭的铁路栏杆前长时间等待时，如何省油？
1) 关闭收音机。
√ 2) 关闭发动机。",,"What should you do if, the moment you start overtaking a leading vehicle, this car speeds up?
1) Speed up as well so, as to be able to overtake it.
2) Slow down and pull in behind the leading vehicle.
3) Inform through the horn the driver of the leading vehicle of your intention so that they slow down.","如果你开始超越前车时，该车突然加速，你应该怎么办？
1) 同样加速，以便能够超过它。
√ 2) 减速并退回到前车后面。
3) 鸣笛告知前车司机你的意图，让他们减速。",,"You feel that the rear wheels of your car are sliding to the right. In order to correct this sliding you should:
1) Turn the steering-wheel to the left.
2) Brake and hold the steering-wheel firmly.
3) Turn the steering-wheel to the right.","你感觉到汽车的后轮正在向右侧滑动。为了修正这种侧滑，你应该：
1) 向左转动方向盘。
2) 刹车并紧握方向盘。
√ 3) 向右转动方向盘（即顺着车尾滑动的方向打方向）。",,"Can you attempt to overtake in this case?
1) YES.
2) NO.","在这种情况下（有禁止超车标志时）你可以尝试超车吗？
1) 可以。
√ 2) 不可以。",,"What does this traffic sign mean?
1) Approaching a toll station.
2) Approaching a level crossroad.
3) Motorway.","这个交通标志（蓝色/绿色桥洞图标）是什么意思？
1) 接近收费站。
2) 接近平交路口。
√ 3) 高速公路。",,,,,"What does this traffic sign mean?
1) Direction of vehicles for parking on a square.
2) Warning of direction of vehicles for parking in a particular covered space.
3) Direction of vehicles towards a place of permissible parking.","这个交通标志（带有P和房子图标）是什么意思？
1) 在广场上停车的方向。
√ 2) 引导车辆前往特定室内/室内停车空间（Covered space）的预告。
3) 引导车辆前往准许停车地点的方向。",,"What does this traffic sign mean?
1) Caution! There are dangers (which cannot be described by other traffic signs).
2) Go straight.
3) Give way at the next crossroad.","这个交通标志是什么意思？
√ 1) 注意！存在危险（其他标志无法描述的危险）。
2) 直行。
3) 在下一个路口让行。",,"What does this traffic sign mean?
1) Area of permissible parking.
2) Parking is forbidden.
3) Area of limited parking.","这个交通标志（蓝色背景P）是什么意思？
√ 1) 准许泊车区域。
2) 禁止停车。
3) 限时停车区域。",,"At which points of the road network may you meet this traffic sign?
1) In roads where waiting and parking are forbidden.
2) In roads where buses pass.
3) At crossroads or roads where public transportation means pass and vehicle parking hinders their passage or makes it impossible.","你会在道路网的哪些点遇到这种（带拖车图标的禁停）标志？
1) 在禁止临时停车和泊车的道路上。
2) 在公交车经过的道路上。
√ 3) 在交叉路口或公共交通工具经过的道路上，且车辆停放会阻碍其通行或使其无法通行的地方。",,"What should you do if you saw this traffic sign before an intersection?
1) Stop at the sign and give priority.
2) Stop at the stop line or, if there is no such line, at the imaginary extension line of the pavement so that you have full visibility of the intersection, and give priority.
3) Stop only if another vehicle is coming vertically.","如果你在路口前看到这个交通标志（STOP），你应该怎么办？
1) 在标志牌处停车并让行。
√ 2) 在停止线处停车，如果没有停止线，则在人行道的虚拟延长线处停车（即路口边缘），以便获得完整的路口视野，并让行。
3) 只有当垂直方向有车辆驶来时才停车。",,"绿色箭头：当主灯红灯、右转箭头绿灯时，只有右转车能走，直行车必须原地等待。
","绿灯陷阱：即便绿灯，如果路口里面已经堵死了，你绝对不能开进去“凑热闹”，否则会因为阻塞路口（Block the intersection）被罚。
",,"What does this traffic sign mean?
1) Route for buses and trolley-buses only.
2) End of route for buses and trolley-buses only.
3) Buses and trolley-buses must not park here.","这个交通标志（蓝色背景上带有公交车/无轨电车图案且带红色斜杠）是什么意思？
1) 仅限公交车和无轨电车的路线。
√ 2) 结束仅限公交车和无轨电车的专用路线。
3) 公交车和无轨电车不得在此停放。",,"At what distance before and after a level railway crossing are you permitted to park your vehicle?
1) At a distance of over 10 m.
2) At a distance of over 15 m.
3) At a distance of over 5 m if the crossing is guarded and of over 20 m if it is not guarded.","在铁路平交道口前后多远距离内准许停车？
1) 超过 10 米。
√  2) 超过 15 米。
3) 如果有看守为 5 米以上，如果没有看守则为 20 米以上。",,"Every time the speed doubles, centrifugal force:
1) Doubles.
2) Trebles.
3) Quadruples.","每当车速增加一倍，离心力会：
1) 增加一倍。
2) 增加到三倍。
√ 3) 增加到四倍。",,"What may cause difficulty in handling the steering-wheel when the car is moving?
1) Lack of balancing of the front wheels.
2) Low air pressure of the tyres.
3) Distortion of the wheel-rim.","汽车行驶时，什么可能导致方向盘操控困难（变沉）？
1) 前轮缺乏动平衡。
√ 2) 轮胎气压过低。
3) 轮毂变形。",,"At a crossroads where the traffic light is green and another vehicle or pedestrian is still moving in accordance with the previous traffic light, which is your obligation?
1) You have no obligation.
2) You must give way.
3) You must stop your vehicle.","在信号灯为绿灯的路口，如果另一辆车或行人仍根据之前的信号灯在移动，你的义务是什么？
1) 你没有义务。
√ 2) 你必须让行。
3) 你必须停止车辆。",,"In roads where high speeds are developed, in case of a abrupt slow-down of the traffic, how should you warn the vehicles that follow?
1) You should switch on the hazard lights.
2) You should sound the horn.","在行车速度较高的道路上，如果交通突然减速，你应如何警告后方车辆？
√ 1) 你应该开启危险报警闪光灯（双闪）。
2) 你应该鸣笛。"
"The consumption of alcohol may cause during driving:
1) Reduced control, false feeling of self-confidence, bad estimation of speed.
2) Increased alertness.
3) Quicker reactions.","饮酒在驾驶过程中可能导致：
√ 1) 控制力下降、虚假的自信感、对速度的错误判断。
2) 提高警觉性。
3) 反应更快。",,"You are travelling at 120 km/h. Every second your car covers a distance of approximately:
1) 24 m.
2) 30 m.
3) 36 m.","你正以 120 公里/小时的速度行驶。你的车每秒行驶的距离大约是：
1) 24 米。
2) 30 米。
√ 3) 36 米。",,"Committing the offence of escape means:
1) Looking for the nearest Police Station.
2) Not giving your particulars as a witness to persons involved in the accident.","构成“逃逸罪”意味着：
1) 寻找最近的警察局。
√ 2) 不向事故涉及人员提供你作为证人的个人信息资料。",,"In motorways and expressways traffic if forbidden for:
1) Mopeds, horsemen, animal-drawn vehicles and vehicles which cannot develop a speed higher than 50 km/h.
2) New drivers.
3) Lorries.","高速公路和快速路禁止以下哪些通行？
√ 1) 轻便摩托车（Mopeds）、骑马者、畜力车以及最高时速无法超过 50 公里/小时的车辆。
2) 新手司机。
3) 货车。",,"What are the consequences of carrying luggage on the roof of your passenger car?
1) Car stability is reduced within the bend.
2) Car stability against side winds is increased.
3) The driving behaviour of the vehicle is improved due to the raising of the centre of gravity.","在轿车车顶携带行李会有什么后果？
√ 1) 车辆在弯道内的稳定性降低（重心升高）。
2) 车辆对抗侧风的稳定性增加。
3) 由于重心升高，车辆的驾驶表现得到改善。",,"At a circular junction:
1) You should converge on the centre if your exit from the junction is on the left of the extension of the road axis from which you entered the junction.
2) Whichever is the exit that you will follow, you should first pass from the internal lane of the junction.","在环岛（圆形枢纽）处：
√ 1) 如果你的出口位于进入环岛路轴延长线的左侧，你应该向中心汇合。
2) 无论你从哪个出口出，都必须先经过环岛的内侧车道。",,"Which vehicle has priority?
1) Vehicle 1.
2) Vehicle 2.
3) None; the drivers must agree between them.","哪辆车拥有优先权？
√ 1) 车辆 1。
2) 车辆 2。
3) 没有；司机必须互相协商。",,"Must the yellow van give way to the red vehicle?
1) YES
2) NO","黄色厢式货车必须给红色车辆让行吗？
√ 1) 是的
2) 不是",,"The traffic light is red. Which vehicle must wait?
1) Vehicle 1.
2) Vehicle 2.
3) Both vehicles.","交通信号灯为红灯。哪辆车必须等待？
√  1) 车辆 1。
2) 车辆 2。
3) 两辆车。",,"Which vehicle is permitted to continue its course?
1) Vehicle 1.
2) Vehicles 2 and 3.
3) Vehicle 3.","哪辆车被准许继续行驶？
1) 车辆 1
√  2) 车辆 2 和 3
3) 车辆 3（侧对交警的方向）",,"路边起步：这是希腊路考非常看重的一点。无论你打没打灯，只要主路有车，你就不能动，绝对不能中断（阻碍）正常交通流。
","横向标线：减速车道和加速车道在路面上是用特殊的宽虚线标记的。
",,"In roads inside residential areas the warning triangle must be placed behind the vehicle at a distance of at least:
1) 50 m.
2) 20 m.","在住宅区内的道路上，警告三角牌必须放置在车后至少多远距离？
1) 50 米。
√ 2) 20 米。",,"In which cases can the authorities order a re-examination of the driving ability of a person who has a driving licence?
1) If there are doubts about their driving ability.
2) If they have caused a road accident.
3) After the expiry of the driving licence.","在什么情况下，当局可以下令对持有驾驶证的人进行驾驶能力重新测试？
√ 1) 如果对其驾驶能力产生怀疑。
2) 如果他们引发了交通事故。
3) 驾驶证过期后。",,"When you feel tired:
1) You can prevent falling asleep by opening the window.
2) Stop as soon as possible.
3) Do not stop if you are approaching your destination.","当你感到疲劳时：
1) 你可以通过打开窗户来防止睡着。
√ 2) 尽快停车。
3) 如果快到目的地了就不要停车。",,"In which roads in residential areas is vehicular traffic permitted in parallel lines?
1) Only in one-way streets.
2) In roads with heavy traffic.
3) In two-way streets with at least two lanes per direction and one-way streets with at least two lanes per direction.","在住宅区的哪些道路上准许车辆平行排队（多车道并行）行驶？
1) 仅在单行道上。
2) 在交通繁忙的道路上。
√ 3) 至少每方向有两条车道的双向道路，以及至少有两条车道的单行道。",,"For reducing the air pollution caused by the diesel motor - vehicles
1) You should often check the transmission system
2) You should avoid the prolonged driving at a low speed.
3) You should step on the accelerator repeatedly while you are at a standstill, in order to keep warm the engine and to improve its efficiency","为了减少柴油车造成的空气污染：
1) 你应经常检查传动系统。
√ 2) 你应避免长时间低速行驶。
3) 你应在停车状态下反复踩油门，以保持发动机温度并提高效率。",,"What should you do if in the day-time you enter an underground passage which has insufficient light?
1) Use the light warnings.
2) Switch on the dipped headlights.
3) Switch on the side lights.","如果你在白天进入一个光线不足的地下通道（隧道），你应该怎么办？
1) 使用灯光信号提醒。
√ 2) 开启近光灯。
3) 开启侧灯（示宽灯）。",,"The sound coming from the horn of the vehicle must be:
1) Continuous on the same tone.
2) Piercing.
3) Alternating.","车辆喇叭发出的声音必须是：
√ 1) 相同音调的连续音。
2) 尖锐刺耳的。
3) 交替变化的（如警笛声）。",,"How can you save fuel and protect the environment, in particular, within a city?
1) By using public transport.
2) By using your car even if public transport can serve your needs.","在市内，如何省油并保护环境？
√ 1) 使用公共交通工具。
2) 即便公共交通能满足需求也坚持开车。",,"What should you do in order to pass a level unguarded railway crossing?
1) Stop the vehicle before the crossing and pass after making sure that no train is coming.
2) Develop speed and pass as quickly as possible.
3) Pass after stopping at a distance of at least 10 m from the railway lines.","通过无看守的铁路平交道口时你应该怎么办？
√ 1) 在道口前停车，确保没有火车驶来后再通过。
2) 加速并尽快通过。
3) 在距离铁轨至少 10 米处停车后再通过。",,"You are moving in a straight road at a high speed. Which part of the car will lower if you slow down abruptly?
1) None.
2) The front part.
3) The rear part.","你在平直公路上以高速行驶。如果你突然减速，汽车的哪个部分会下沉？
1) 没有。
√ 2) 前部（点头现象）。
3) 后部。",,"What does this traffic sign mean?
1) No entry to motor vehicles except for two-wheeled motorcycles.
2) No entry to motorcycles.
3) Road only for two-wheeled vehicles.","这个交通标志（红圈内有摩托车）是什么意思？
1) 除两轮摩托车外，禁止机动车进入。
√  2) 禁止摩托车进入。
3) 仅限两轮车通行的道路。",,"What does this traffic sign mean?
1) Warning of directions towards roads of the local network.
2) Warning of directions towards expressways.
3) Warning of directions towards a motorway.","这个方向指示标志表示：
1) 通往本地道路网的方向预告。
2) 通往快速路的方向预告。
√ 3) 通往高速公路（Motorway）的方向预告。",,"黄色标线优先：在希腊，如果路面上既有白色旧线又有黄色施工新线，必须看黄色线。
","公交车道：私家车绝不能进，只有紧急车辆（警车、救护车、消防车）能进。
",,"What does this traffic sign indicate?
1) Warning of directions towards roads of a local road network.
2) Warning of directions towards areas of great touristic or archaeological interest.","这个交通标志（棕色背景）指示什么？
1) 通往本地道路网的方向预告。
√ 2) 通往具有重大旅游或考古价值区域的方向预告。",,"What does this traffic sign mean?
1) Turn left ahead.
2) Dangerous left bend ahead.
3) Left turn is forbidden.","这个交通标志是什么意思？
1) 前方左转。
√ 2) 前方有危险左弯道。
3) 禁止左转。",,"What does this traffic sign mean?
1) Beginning of an residential area.
2) Tourist area.
3) Archaeological site.","这个交通标志（房屋和树木图案）是什么意思？
√ 1) 居住区（城镇）开始。
2) 旅游区。
3) 考古遗址。",,,,,,,,,,,"What does this traffic sign mean?
1) Turn right ahead.
2) Compulsory passage only from the right side of the traffic island or obstacle.
3) Downhill stretch of a road on the right.","这个交通标志（蓝色圆圈内斜向下指向右方的箭头）是什么意思？
1) 前方右转。
√ 2) 强制仅从交通安全岛或障碍物的右侧通过。
3) 道路右侧的下坡段。",,"In which case is car parking allowed next to another car parked legally along the road?
1) When it is an one-way street and has at least three lanes.
2) When the road is not busy.
3) Only if permitted by a special traffic sign.","在什么情况下准许在路边已合法停放的车辆旁并排停车（二排停车）？
1) 当这是一条至少有三车道的单行道时。
2) 当道路不繁忙时。
√ 3) 仅在有特殊交通标志允许的情况下。",,"You are moving fast with your passenger vehicle on a bend. What may happen if suddenly you brake hard?
1) The passenger vehicle will remain safe on its course.
2) The passenger vehicle may deviate from the road.","你驾驶轿车在弯道上快速行驶。如果突然猛踩刹车会发生什么？
1) 轿车会安全地保持在原路线上。
√ 2) 轿车可能会偏离道路（发生侧滑）。",,"Must the tyres of the same axle have the same pressure?
1) Yes, they certainly must have the same pressure.
2) No, they do not need to have the same pressure.","同一车轴上的轮胎必须具有相同的气压吗？
√ 1) 是的，它们必须具有相同的气压。
2) 不，它们不需要具有相同的气压。",,"If you notice that a vehicle from the opposite direction is coming on you due to a break-down or other reason, how should you react?
1) Break harshly.
2) Try by moving to the right if possible, to come out of the track of the vehicle, sounding the horn continually and switching on your lights.
3) Break harshly and sound the horn continually flashing your lights, if it is night.","如果你注意到一辆对向来车由于故障或其他原因冲向你，你应该如何反应？
1) 紧急刹车。
√ 2) 如果可能，尝试向右移动以避开该车的轨迹，同时持续鸣笛并闪烁车灯。
3) 紧急刹车并持续鸣笛，如果是夜间则闪烁灯光。",,"What do we mean by saying that the driver must master the speed of their vehicle?
1) That they can increase and reduce speed of their vehicle at will.
2) That they can move their vehicle at a low speed.
3) That they can adjust the speed of their vehicle according to the existing conditions.","我们说驾驶员必须“掌控车速”是指：
1) 他们可以随意增加和降低车速。
2) 他们可以慢速移动车辆。
√ 3) 他们能够根据现有条件调整车速。"
"The consumption of alcohol affects driving. The possible effects are as follows:
1) Quicker reactions.
2) Reduced co-ordination, bad estimation, increased self-confidence.
3) Better concentration.","饮酒会影响驾驶。可能产生的影响如下：
1) 反应更快。
√ 2) 协调能力下降、判断错误、自信心膨胀。
3) 注意力更集中。",,"You are travelling in a dry road with a well-maintained vehicle at a speed of 90 km/h. You are alert and you need to stop due to an emergency. You cannot stop at less than:
1) 81 m.
2) 49 m.
3) 100 m.","你在干燥的路面上驾驶一辆维护良好的车辆，速度为 90 公里/小时。当你保持警觉并因紧急情况需要停车时，停车距离不能少于：
√ 1) 81 米。
2) 49 米。
3) 100 米。",,"In case of a serious accident:
1) The engines of the vehicles that have been involved in the accident must be switched off.
2) Move away from the scene of the accident.","发生严重事故时：
√ 1) 必须关闭涉及事故车辆的发动机。
2) 远离事故现场。",,"The motorway:
1) Does not have crossroads and traffic on it is safer than in the other road network.
2) Is a road whose both directions are divided by a continuous double line.","关于高速公路：
√ 1) 它没有交叉路口（红绿灯路口），且行驶安全性高于其他道路网。
2) 它是由连续双实线划分两个方向的道路。",,"Why is it dangerous to accelerate hard during starting?
1) Because the driving wheels may spin and the vehicle may slide laterally in a slippery road.
2) Because the driving wheels may lock.","为什么起步时猛加速是危险的？
√ 1) 因为驱动轮可能旋转打滑，车辆在湿滑路面上可能发生侧滑。
2) 因为驱动轮可能会锁死。",,"At a circular junction:
1) Whichever is the exit you will follow, you should first pass from the internal lane of the junction.
2) You can stay on the right up to the exit, if you do not know your exit.","在环岛处：
1) 无论你从哪个出口出，都必须先经过环岛的内侧车道。
√ 2) 如果你不知道该从哪个出口出，可以一直靠右行驶直到找到出口。",,"What should the driver of vehicle 1 do?
1) Wait for the other two vehicles to pass and then turn.
2) Give priority to vehicle 2 and then go on, letting vehicle 3 to pass last.
3) Start before vehicle 2 and then stop in the middle of the crossroads giving priority to vehicle 3.","1号车的司机应该怎么做？
1) 等待其他两辆车通过后再转弯。
2) 给2号车让行后继续行驶，让3号车最后通过。
√  3) 在2号车之前起步，然后停在路口中间给3号车让行。",,"At which point of the road must you stop in order to check?
1) At the level of the STOP sign.
2) At the level of the breadthwise (transverse) continuous white line.","路上的哪个位置是你必须停车检查（STOP标志）的地方？
1) 在STOP标志牌所在的水平位置。
√ 2) 在横向连续白线（停止线）的水平位置。",,"At a level rail crossing, do the trains have always priority over the other users who cross the intersection?
1) YES
2) NO","在平交道口，火车是否总是比其他道路使用者拥有优先权？
√ 1) 是的
2) 不是",,"Which vehicles are allowed to cross the intersection without stopping?
1) Vehicles 1 and 3.
2) Vehicles 2 and 3.
3) All three vehicles.","哪些车辆允许不停车直接穿过路口？
1) 车辆 1 和 3
2) 车辆 2 和 3
√  3) 所有三辆车",,,,,"You must check your brakes after driving through stagnant waters, because:
1) Your brakes may have been overheated.
2) Your brakes may be wet.
3) The water may have entered the hydraulic circuit.","驶过积水路段后必须检查刹车，因为：
1) 刹车可能过热。
√ 2) 刹车片可能被打湿了（导致摩擦力下降）。
3) 水可能进入了液压回路。",,"Whom should you allow to drive your vehicle?
1) A holder of a driving licence which entitles them to drive a vehicle of the same category with yours.
2) A person above the age of 18 who knows how to drive or is a learner driver.
3) Nobody.","你应该允许谁驾驶你的车辆？
√ 1) 持有与你车辆类别相同的有效驾驶证的人。
2) 18岁以上知道如何驾驶或正在学习驾驶的人。
3) 任何人都不行。",,"In order to get on your vehicle?
1) Turn your back to the traffic of your direction.
2) Face the traffic of your direction.","为了上车（进入车辆）：
1) 背对着你行进方向的车流。
√ 2) 面对着你行进方向的车流（以便观察来车）。",,"You are approaching an intersection where the road surface has arrows and lines which permit a straight course only, whereas you wish to turn right. What should you do?
1) Drive straight ahead.
2) Turn right.","你正接近一个路口，路面上的箭头和标线仅准许直行，而你却想右转。你应该怎么办？
√ 1) 继续直行。
2) 右转。",,"The air pollution caused by diesel motor vehicles:
1) Depends on the liquid's type in the refrigerator.
2) Is completely disappeared by accelerating
3) Is increased if there is damage in the feed system","柴油车造成的空气污染：
1) 取决于水箱冷却液的类型。
2) 通过加速会完全消失。
√ 3) 如果供油/进气系统（Feed system）受损，污染会增加。",,"Why should you drive with at least the dipped headlights on even in the day-time, when visibility is obstructed significantly by a fog, rainfall or snowfall?
1) So that you become visible in good time by the other road users.
2) So that you are able to move at a very high speed.","即使在白天，当雾、雨或雪导致能见度显著受阻时，为什么应至少开启近光灯驾驶？
√ 1) 为了能及时被其他道路使用者看到。
2) 为了能够以非常高的速度行驶。",,"Is the use of the seat belts necessary also for the passengers of the rear seats?
1) Yes, because otherwise they would not be protected in case of an accident.
2) No, because it is not prescribed by the Highway Code.
3) No, because they would be protected by the front seats.","后排乘客也有必要系安全带吗？
√ 1) 是的，因为否则在发生事故时他们将得不到保护。
2) 不需要，因为交通法规没有规定。
3) 不需要，因为他们会被前排座椅保护。",,"What may contribute to fuel saving and environmental protection?
1) When looking for buying a car take fuel consumption into consideration.
2) Use your vehicle for every drive.","什么有助于节能和环保？
√ 1) 买车时将油耗作为考虑因素。
2) 每次出门都使用车辆。",,"In which case is overtaking on the right allowed?
1) When the leading vehicle has signalled that it intends to turn left and has moved to this side.
2) When the leading vehicle has not cleared the left lane.
3) Under no circumstances.","在什么情况下准许从右侧超车？
√ 1) 当前车已发出左转信号并已移向左侧时。
2) 当前车没有让出左侧车道时。
3) 在任何情况下都不允许。",,"In order to avoid aquaplaning:
1) Drive at a reduced speed.
2) Drive in a high gear.","为了避免产生水滑现象：
√ 1) 以降低的速度行驶。
2) 使用高档位行驶。",,"Which vehicles are prohibited from entering a road by this traffic sign?
1) Vehicles that have a tare weight of up to five tons.
2) Vehicles whose weight per axle is up to two tons.
3) Vehicles with a total weight of over five tons.","此交通标志（写有 5t）禁止哪些车辆进入？
1) 皮重不超过 5 吨的车辆。
2) 每轴重量不超过 2 吨的车辆。
√ 3) 总重量超过 5 吨的车辆。",,,,,"走错路的处理：无论是高速出口还是减速道，只要进去了就必须将错就错开到底。在出口处强行并线回主路是极其危险且违法的行为。
","黄色锯齿线：这是公交车站，严禁停车（Stop）或泊车（Park），但开车路过踩在上面是可以的。
",,"What does this traffic sign mean?
1) Warning of directions towards roads of the local network.
2) Warning of directions towards expressways.
3) Warning of directions towards a motorway.","这个交通标志（白色背景）是什么意思？
√ 1) 通往本地道路网（Local network）的方向预告。
2) 通往快速路的方向预告。
3) 通往高速公路的方向预告。",,"What does this traffic sign mean?
1) The way to park a vehicle.
2) Dangerous haunch on the left.
3) On the left of the road there is a gutter with water.","这个交通标志是什么意思？
1) 停放车辆的方式。
√ 2) 左侧有危险路肩。
3) 道路左侧有排水沟。",,"What does this traffic sign mean?
1) Direction towards an area of permissible parking.
2) One-way street.
3) Exit from an area of permissible parking.","这个交通标志（带箭头的P）是什么意思？
√ 1) 通往准许泊车区域的方向。
2) 单行道。
3) 离开准许泊车区域。",,"距离的细微差别：
如果数字两侧有向上箭头（如 ↑ 500m ↑）：表示该规定在接下来的 500 米路段内 有效。
如果只有数字（如 500m）：表示该规定在 500 米之后 才开始生效。","箭头方向（针对停车）：
向上箭头 (↑)：从此点开始禁停。
向下箭头 (↓)：到此点结束禁停。",,"STOP vs 让行 (Yield)：
STOP (八角形)：无论有没有车，必须停死（车轮完全不动）。
让行 (倒三角形)：减速观察，有车才停，没车可以慢行通过。","对向来车优先权 (非常爱考)：
红圈 (箭头一红一黑)：你是红箭头，你必须让行。
蓝方块 (箭头一白一红)：你是白箭头，你有优先权。",,,,,"What does this traffic sign mean?
1) Turn left ahead.
2) Compulsory passage only from the left side of the traffic island or obstacle.
3) Downhill stretch of a road on the left.","这个交通标志（蓝色圆圈内斜向下指向左方的箭头）是什么意思？
1) 前方左转。
√ 2) 强制仅从交通安全岛或障碍物的左侧通过。
3) 道路左侧的下坡段。",,"At what distance from a fire hydrant are you allowed to park your vehicle?
1) At a distance of over 2 m.
2) At a distance of over 5 m.
3) There is no limitation.","在距离消火栓多远的地方你才被允许停车？
1) 超过 2 米。
√ 2) 超过 5 米。
3) 没有限制。",,"Changing a gear within a bend is:
1) A proper handling.
2) A wrong handling.","在弯道内换挡（变速）是：
1) 正确的操作。
√ 2) 错误的操作。",,"What may be the reason for the vibration of the steering-wheel at a high speed?
1) Lack of balancing of the front wheels.
2) Loss of air pressure of the tyres.
3) Excessive load.","高速行驶时方向盘抖动的原因可能是什么？
√ 1) 前轮缺乏动平衡（Balancing）。
2) 轮胎失去气压。
3) 负载过重。",,"In residential areas at night which lights of your vehicle, when this is moving, must be on?
1) Side lights.
2) Full beam headlights.
3) Dipped headlights.","夜间在住宅区行驶时，车辆必须开启什么灯？
1) 侧灯（示宽灯）。
2) 远光灯。
√ 3) 近光灯。",,"Which is the maximum permissible speed limit for passenger cars on motorways, when this is not specified by special traffic signs?
1) 100 km/h.
2) 130 km/h.
3) 150 km/h.","如果没有任何特殊交通标志规定，轿车在高速公路（Motorway）上的最高允许限速是多少？
1) 100 公里/小时。
√ 2) 130 公里/小时。
3) 150 公里/小时。"
"Under what circumstances may somebody’s ability for safe driving be reduced, after they have consumed even a very small quantity of alcohol?
1) When they have taken sleeping-pills, pain-killers or sedatives.
2) When somebody drinks alcohol on a full stomach.","在什么情况下，即使摄入极少量酒精，一个人的安全驾驶能力也会下降？
√ 1) 当他们服用了安眠药、止痛药或镇静剂时。
2) 当某人是在饱腹（饱餐后）饮酒时。",,"You are approaching a vehicle that is moving in the opposite direction. Both the other vehicle and your vehicle are moving at a speed of 90 km/h. The distance is covered at a speed of:
1) 180 km/h.
2) 150 km/h.
3) 185 km/h.","你正接近一辆从相反方向驶来的车。对方和你的车速都是 90 公里/小时。你们之间的距离缩短的速度相当于：
√ 1) 180 公里/小时。
2) 150 公里/小时。
3) 185 公里/小时。",,"You have been involved in a road accident which resulted in material damages. What are your obligations?
1) You should not do anything but wait for the Traffic Police to come.
2) Give your name and address immediately, if requested, as well as show the driving licence, vehicle registration licence and insurance policy.","你卷入了一场导致财产损失的交通事故。你的义务是什么？
1) 你不应该做任何事，只需等待交警到来。
√ 2) 如果被要求，应立即提供你的姓名和地址，并展示驾驶证、车辆行驶证和保险单。",,"After driving for long in a motorway you may feel tired. The best you could do in this case is to:
1) Switch on the radio, it may help you concentrate.
2) Make sure that the vehicle is well ventilated, and, if necessary, stop in a parking place and walk.
3) Increase the speed so as to complete the journey sooner.","在高速公路上长时间行驶后可能会感到疲劳。这种情况下最好的做法是：
1) 打开收音机，这有助于集中注意力。
√ 2) 确保车内通风良好，如有必要，停在停车场下车走动。
3) 提高速度以便尽快完成旅程。",,"When are you allowed to reverse your vehicle?
1) Near a lamp-post.
2) When forward movement is not possible or during a parking manoeuvre.
3) From a main road to a side road.","什么时候允许倒车？
1) 在灯柱附近。
√ 2) 当无法向前行驶或在停车入库操作时。
3) 从主路倒车进入侧路。",,"When you turn left at an intersection where cars coming from the opposite direction also turn left, the correct and safe way of passing is that shown in:
1) Drawing A.
2) Drawing B.","当你在路口左转，而对向来车也想左转时，正确且安全的通行方式是图中哪种：
√ 1) 图 A。
2) 图 B。",,"Which vehicle has priority and why?
1) The motorcycle, because it comes from the right of the passenger car.
2) The passenger car, because it is moving in a wider road.
3) The passenger car, because it is moving straight.","哪辆车拥有优先权，为什么？
√ 1) 摩托车，因为它从轿车的右侧驶来。
2) 轿车，因为它在更宽的道路上行驶。
3) 轿车，因为它在直行。",,"In which order are the vehicles allowed to cross the intersection?
1) 1-2-3.
2) 2-3-1.
3) 3-1-2.","车辆允许按什么顺序穿过路口？
1) 1-2-3。
2) 2-3-1。
√  3) 3-1-2。",,"While you are approaching a level railway crossing the mobile barrier starts to be lowered. What should you do?
1) You should wait behind the warning traffic sign.
2) You should continue your course speeding up.","当你接近铁路平交道口时，移动栏杆开始下降。你应该怎么办？
√ 1) 你应该在警告交通标志后等待。
2) 你应该加速继续行驶。",,"Which vehicle is allowed to turn?
1) Vehicle 1.
2) Vehicle 2.
3) None.","哪辆车允许转弯？
1) 车辆 1
2) 车辆 2
√ 3) 无",,,,,"You are driving at 100 km/h on a clear straight part of a road. You have a flat tyre and your car starts wobbling. Then you should:
1) Hold the steering-wheel firmly so as to maintain the control and slow down smoothly.
2) Brake urgently.","你以 100 公里/小时的速度行驶在开阔笔直的道路上，轮胎爆胎且车辆开始摇晃。此时你应该：
√ 1) 紧握方向盘以保持控制，并平稳减速。
2) 紧急刹车。",,"It is necessary to wear glasses or contact lenses so as to fulfil the minimum vision requirements prescribed by law and be permitted to drive. You should wear them:
1) Always.
2) Only in the night-time.
3) In case of limited visibility.","法律规定为了达到最低视力要求必须佩戴眼镜或隐形眼镜。你应该在什么时候佩戴：
√ 1) 始终佩戴。
2) 仅在夜间。
3) 在能见度有限的情况下。",,"When changing lane, in order to check behind properly:
1) Mirrors suffice.
2) Look only through the exterior mirror.
3) Check through the mirrors and turn your head to the side where you are pulling in.","换道时，为了正确检查后方情况：
1) 只看后视镜就够了。
2) 只看外后视镜。
√ 3) 通过后视镜检查，并转头观察你要切入的一侧（扫视盲区）。",,"When you are in an one-way street with three lanes and you intend to turn left, which lane should you follow?
1) The middle one.
2) The left one.
3) The right one.","当你处于一条有三条车道的单行道中并打算左转时，你应该在哪条车道行驶？
1) 中间车道。
√ 2) 左侧车道。
3) 右侧车道。",,"For avoiding noise emissions during the circulation.
1) You should keep the engine in motion by stepping on the accelerator repeatedly while you stop due to traffic-jam.
2) You should use the horn to inform the other users only in case of traffic jam
3) You should avoid pull up short if it's not absolutely necessary","为了避免行车过程中的噪音排放：
1) 在因交通拥堵停车时，应反复踩油门保持发动机运转。
2) 仅在交通拥堵时才使用喇叭告知其他使用者。
√ 3) 如果不是绝对必要，应避免急停（猛踩刹车）。",,"Can you drive with headlights on full beam in an unlit residential area?
1) YES
2) NO","你可以在没有照明的住宅区开启远光灯驾驶吗？
1) 可以
√ 2) 不可以（住宅区内原则上使用近光灯）。",,"Which are the dipped headlights of a car?
1) The lights which have a range of at least 100 m.
2) The lights which have a range of at least 40 m.
3) The small lights on the front part.","汽车的近光灯（Dipped headlights）是指：
1) 射程至少为 100 米的灯。
√ 2) 射程至少为 40 米的灯。
3) 车前部的小灯（示宽灯）。",,"How can you save fuel?
1) Drive at a high number of engine revolutions.
2) Switch off the engine when you have to wait for long.
3) Have a luggage-grid even when it is not going to be used.","如何省油？
1) 以发动机高转速驾驶。
√ 2) 长时间等待时关闭发动机。
3) 即便不用也一直装载行李架。",,"What is the danger during overtaking even in a straight road with good visibility?
1) The speed of a vehicle that is coming from the opposite direction may be estimated as low.
2) The speed of a vehicle that is coming from the opposite direction may be estimated as very high.","即使在视线良好的平直道路上，超车的危险是什么？
√ 1) 可能会低估对向驶来车辆的速度。
2) 可能会高估对向驶来车辆的速度。",,"The ice:
1) Has usually been distributed uniformly on the road.
2) Is formed mainly in mountainous areas, on bridges and near water currents.
3) Is formed mainly in foggy days.","关于结冰：
1) 通常在路面上均匀分布。
√ 2) 主要形成于山区、桥梁上以及靠近水流的地方。
3) 主要形成于有雾的日子。",,"What does this traffic sign mean?
1) Inversion (180° turn) is forbidden.
2) Left turn is forbidden.
3) Right turn is forbidden.","这个交通标志（带斜杠的掉头箭头）是什么意思？
√ 1) 禁止掉头（180度转弯）。
2) 禁止左转。
3) 禁止右转。",,"颜色区分：在希腊，绿色背景的标志通常指高速公路（Motorway），蓝色背景通常指主要道路/快速路（Expressway）。
","图标含义：
两个车道穿过一个桥洞的图标 = 高速公路。
一辆车行驶在路上的图标 = 快速路。
带有红色斜杠 = 该级别道路结束。",,,,,"What does this traffic sign mean?
1) Warning of directions towards roads of the local network.
2) Warning of directions towards expressways.
3) Warning of directions towards a motorway.","这个交通标志（蓝色背景带快速路图标）是什么意思？
1) 通往本地道路网的方向预告。
√ 2) 通往快速路（Expressway）的方向预告。
3) 通往高速公路的方向预告。",,"What does this traffic sign mean?
1) Turn right ahead.
2) Dangerous right bend ahead.
3) Right turn is forbidden.","这个交通标志是什么意思？
1) 前方右转。
√ 2) 前方有危险右弯道。
3) 禁止右转。",,"What does this traffic sign mean?
1) Upper (superterrestrial) pedestrian crossing.
2) Lower (underground) pedestrian crossing.
3) Two-level pedestrian crossing without stairs.","这个交通标志（带有向上楼梯的小人）是什么意思？
√ 1) 人行天桥。
2) 人行地下通道。
3) 无阶梯的双层人行过道。",,"优先权示意图：在路口标志下常有一个小方牌，上面画着黑线。粗黑线代表主路（拥有优先权的方向），细线代表支路。
","拖车图标：意味着该路段不仅禁停，而且如果你停了，交警会直接把车拖走 (Removed/Towed away)。
",,"主路 (Priority Road)：
黄心菱形：你是主路，路口你先走。
带斜杠：主路结束，接下来的路口回归“右侧先行”原则。",,,,,,"What does this traffic sign mean?
1) Dangerous right bend ahead.
2) Turn right ahead.
3) Right turn is forbidden.","这个交通标志（蓝色圆圈内指向右侧的箭头）是什么意思？
1) 前方右侧有危险弯道。
√ 2) 前方必须右转。
3) 禁止右转。",,"At which position in an one-way street is parking of vehicles allowed, if there is no prohibiting traffic sign?
1) Only on the right end of the road.
2) Only on the left end of the road.
3) On both the left and right ends of the road.","在没有禁止停车标志的单行道上，车辆允许停在哪个位置？
1) 仅在道路右端。
2) 仅在道路左端。
√ 3) 道路的左端和右端均可。",,"Does this traffic sign indicate a set of bends of which the first is left?
1) YES
2) NO","这个交通标志（S形弯道图标）是否表示一组第一个向左转的弯道？
1) 是的（YES）
√  2) 不是（NO）",,"If the engine has been overheated due to a lack of refrigerating fluid, what should you do?
1) Continue your course up to the nearest repair workshop.
2) Open carefully the radiator container and fill in the refrigerating fluid while the engine is in operation.","如果发动机因缺少冷却液而过热，你应该怎么办？
1) 继续行驶到最近的修理厂。
√ 2) 小心打开散热器盖，在发动机运行状态下加注冷却液（注：需极其小心防止烫伤）。",,"In which of the following cases are you allowed to use the fog lights?
1) When there is a fog or snowfall or torrential rain.
2) When passing through tunnels.
3) In any case where visibility is limited.","在下列哪种情况下允许使用雾灯？
√ 1) 有大雾、降雪或暴雨时。
2) 通过隧道时。
3) 在任何能见度受限的情况下。",,"Coming behind this stopped school bus you should:
1) Always stop.
2) Slow down and, if the road has two lanes, stop.
3) Sound the horn.","来到这辆停着的校车后面，你应该：
1) 始终停车。
√ 2) 减速，如果道路是双车道则停车。
3) 鸣笛。"
"The consumption of alcohol may cause during driving:
1) An increased alertness.
2) Faster reactions.
3) False feeling of self-confidence.","饮酒在驾驶过程中可能导致：
1) 提高警觉性。
2) 反应更快。
√ 3) 虚假的自信感。",,"You are driving and doubling the speed of your vehicle. Doing this the stopping distance according to the empirical rule:
1) Doubles.
2) Trebles.
3) Quadruples.","如果你将车速提高一倍（两倍），根据经验法则，停车距离会：
1) 变为原来的两倍。
2) 变为原来的三倍。
√ 3) 变为原来的四倍。",,"To which agency must you report an accident in which you were involved and which resulted in a death or bodily injury?
1) National Centre for First Aid.
2) Transportation Service of the Prefecture.
3) Nearest Police Authority.","你卷入了一场导致死亡或人身伤害的事故，必须向哪个机构报告？
1) 国家急救中心 (EKAB)。
2) 州政府运输服务部门。
√ 3) 最近的警察机关。",,"You are driving your passenger car at a high speed in a motorway and you have a flat tyre. What should you do?
1) Brake hard and harsh so as to stop as quick as possible.
2) Hold the steering-wheel firmly, slow down gradually and switch on the hazard warning lights.","你正以高速行驶在高速公路上，车辆突然爆胎。你应该怎么办？
1) 用力猛踩刹车，以便尽快停下。
√ 2) 紧握方向盘，逐渐减速并开启双闪灯。",,"You are driving at night having the headlights on full beam. When must you switch on the dipped headlights?
1) When pedestrians are preceding in the same direction.
2) When a vehicle is preceding at a small distance.","夜间行驶开启远光灯时，何时必须切换为近光灯？
1) 当行人正在同向前方行走时。
√ 2) 当车辆在前方短距离内同向行驶时。",,"On a level roundabout without traffic signs, who has priority?
1) Those moving within the roundabout.
2) Those entering the roundabout.
3) There is no rule.","在没有任何交通标志的平整环岛上，谁拥有优先权？
1) 正在环岛内行驶的车辆。
√ 2) 准备进入环岛的车辆（根据右侧先行原则）。
3) 没有规则。",,"Which vehicle must wait for the other to pass and why?
1) Vehicle 1, because it is smaller and lighter.
2) Vehicle 1, because it enters a wider road.
3) Vehicle 2, because it comes from the left of vehicle 1.","哪辆车必须等待另一辆车通过，为什么？
1) 车辆 1，因为它更小、更轻。
2) 车辆 1，因为它进入了更宽的道路。
√ 3) 车辆 2，因为它从车辆 1 的左侧驶来。",,"In which order are the vehicles allowed to cross the intersection?
1) 1-2.
2) 2-1.
3) The drivers must agree between themselves.","车辆允许按什么顺序穿过路口？
1) 1-2。
√  2) 2-1。
3) 司机必须互相协商。",,"You are approaching a railway crossing where there is a mobile barrier. Where should you wait, if, due to the traffic jam, you may be immobilised on the railway crossing?
1) Just behind the lines.
2) Before the warning traffic sign.
3) At the level of the mobile barrier.","你正接近一个设有移动栏杆的铁路道口。如果由于交通拥堵，你可能会被困在铁轨上，你应该在哪里等待？
1) 紧贴铁轨线。
√ 2) 在警告交通标志之前。
3) 在移动栏杆的水平位置。",,"Which vehicle must wait?
1) Vehicle 1.
2) Vehicle 2.
3) None.","哪辆车必须等待？
√ 1) 车辆 1
2) 车辆 2
3) 无",,,,,"Your vehicle has broken down in a country road. What should you be careful about during the towage?
1) Both vehicles must have their hazard warning lights on.
2) Enter the motorway from the next entry, because in it you can drive at a steady speed.","你的车在乡间道路上抛锚了。拖车过程中应该注意什么？
√ 1) 两辆车都必须开启危险报警闪光灯（双闪）。
2) 从下一个入口进入高速公路，因为那里可以保持恒定速度。",,"You have been involved in an accident which resulted only in material damages. You must inform the suffering party directly or indirectly within:
1) 24 hours.
2) 48 hours.
3) 7 days.","你卷入了一场仅导致财产损失的事故。你必须在多长时间内直接或间接告知受害方？
√ 1) 24 小时内。
2) 48 小时内。
3) 7 天内。",,"The rubbers of the windscreen wipers should be replaced:
1) When they are worn and at least once per year, preferably before winter.
2) Preferably in the summer.","挡风玻璃雨刮器的橡胶片应在何时更换？
√ 1) 当它们磨损时，且每年至少一次，最好在冬季之前。
2) 最好在夏季。",,"Which of the courses shown should be followed by the motorcyclist so that they turn left from a two-way street?
1) Course 1.
2) Course 2.
3) Either course.","为了从双向街道左转，摩托车手应遵循哪条路线？
√ 1) 路线 1（靠近中心轴线）。
2) 路线 2。
3) 任意路线。",,"For reducing the noise caused by the motor vehicles is necessary:
1) To modify the silencer in such a way so that it improves the engine performance
2) To avoid step on the accelerator when the vehicle is stopped.
3) To remove the silencer with a view of improving the engine's performance","为了减少机动车产生的噪音，有必要：
1) 改装消音器（排气管）以提高发动机性能。
√ 2) 避免在车辆停止时踩油门。
3) 拆除消音器以提高发动机性能。",,"The panes of your vehicle have ice. What should you do before starting?
1) Remove the ice from the windscreen.
2) Clean the ice from all panes.
3) For driving within a city, it suffices to clean only the ice from the part of the pane which is in front of the driver’s seat.","你的车窗玻璃上有冰。出发前你应该怎么办？
1) 只清除挡风玻璃上的冰。
√ 2) 清理所有车窗玻璃上的冰。
3) 在城市内驾驶，只需清理驾驶位正前方的一小块冰即可。",,"When the brake lights of your vehicle do not work, how should you inform the person that follows of your intention to park?
1) By using the reverse lights.
2) By bending the arm downwards.
3) By bending the arm upwards.","当你的刹车灯不亮时，应如何告知后方车辆你打算停车或泊车？
1) 通过使用倒车灯。
√ 2) 通过向下弯曲手臂（手臂伸出并向下摆动）。
3) 通过向上弯曲手臂。",,"Which mode of driving is very economical and contributes to environmental protection?
1) Change into the higher gear in good time.
2) Driving using up the maximum number of revolutions of each gear.
3) Change into the higher gear in good time before an uphill.","哪种驾驶模式非常经济且有助于环保？
√ 1) 及时换入高档位。
2) 每个档位都用到最大转速。
3) 在上坡前及时换入高档。",,"In which case are you allowed to overtake a leading vehicle which is overtaking another vehicle?
1) Only in one-way streets.
2) When the road has at least three lanes per direction.
3) Under no circumstances.","在什么情况下你被允许超越一辆正在超车的车辆（连超两车）？
1) 仅在单行道中。
√ 2) 当道路每个方向至少有三条车道时。
3) 在任何情况下都不允许。",,,,,"What does this traffic sign mean?
1) No entry to all motor vehicles.
2) No entry to bicycles.
3) Road only for bicycles.","这个交通标志（红圈内有自行车）是什么意思？
1) 禁止所有机动车进入
√  2) 禁止自行车进入。
3) 仅限自行车通行的道路。",,"距离预告牌：在出口前看到的带有三条、两条、一条斜杠的矩形牌，分别代表距离出口还有 300米、200米、100米。
",,,,,,"What does this traffic sign mean?
1) No entry to vehicles carrying explosive or inflammable materials.
2) Compulsory by-pass for vehicles carrying hazardous loads.
3) Compulsory by-pass for vehicles carrying explosive or inflammable materials.","这个交通标志（带有橙色方块背景和货车图标）是什么意思？
1) 禁止携带爆炸或易燃材料的车辆进入。
√ 2) 携带危险货物的车辆必须强制绕行（By-pass）。
3) 携带爆炸或易燃材料的车辆必须强制绕行。",,"What does this traffic sign mean?
1) The road leads to a dock.
2) Caution! Bridge without bars.
3) Mobile bridge.","这个交通标志是什么意思？
1) 道路通往码头。
2) 注意！没有护栏的桥梁。
√ 3) 活动开启桥。",,"What does this traffic sign mean?
1) Country Clinic.
2) First Aid Station.
3) Hospital.","这个交通标志（带红十字）是什么意思？
1) 乡村诊所。
√   2) 急救站。
3) 医院。",,,,,,,,,,,"What does this traffic sign mean?
1) Turn left or right ahead.
2) Compulsory passage from the left or right of the obstacle.
3) Going straight is permitted.","这个交通标志（蓝色圆圈内有两个水平指向左右的箭头）是什么意思？
√   1) 前方左转或右转。
2) 强制从障碍物的左侧或右侧通过。
3) 准许直行。",,"In which case are you allowed to park your vehicle on the pavement?
1) When the width of the pavement is over 3,5 m.
2) When the part of the pavement where you will park is in front of your house or your shop.
3) Only when it is permitted by a special sign.","在什么情况下你被允许将车辆停在人行道（Pavement）上？
1) 当人行道宽度超过 3.5 米时。
2) 当你停车的人行道部分在你家或商店门前时。
√ 3) 仅在有特殊标志允许的情况下。",,"What should you do if you saw the traffic signs of this picture and why?
1) You must move to the left, because the traffic signs indicate that left turn is compulsory.
2) You must concentrate your attention slowing down if necessary, because the traffic signs warn of a dangerous curve on the left.","如果你看到图片中的交通标志（红白导向牌），你应该做什么且为什么？
1) 你必须向左移动，因为这些标志指示必须左转。
√ 2) 你必须集中注意力并在必要时减速，因为这些标志预告前方有危险左弯道。",,"When the starter motor (ignition) does not work, what is the possible cause?
1) Bad condition of the battery.
2) Worn sparking plugs.
3) The multiplier does not work.","当起动机（打火）不工作时，可能的原因是：
√ 1) 蓄电池（电瓶）状况不良。
2) 火花塞磨损。
3) 分电器不工作。",,"How can one show that students get on or off a bus?
1) By switching on the hazard warning lights.
2) By sounding the horn.
3) By switching on the dipped headlights.","如何表示学生正在上下校车？
√ 1) 通过开启危险报警闪光灯（双闪）。
2) 通过鸣笛。
3) 通过开启近光灯。",,"As soon as you obtain your driving licence, you should have the special plate of a new driver (N) displayed on the rear window of your car for one year:
1) In the entire road network.
2) Only in expressways and motorways.
3) Only in towns.","一旦获得驾照，你应该在车后窗张贴新司机专用牌（N牌）一年：
√ 1) 在整个道路网中（所有路段）。
2) 仅在快速路和高速公路上。
3) 仅在城镇内。"
"The consumption of alcohol affects driving. The possible effects are:
1) Better concentration.
2) Bad estimation.
3) Achromatopsia","饮酒影响驾驶。可能产生的影响是：
1) 注意力更集中。
√ 2) 判断错误。
3) 全色盲。",,"It is raining and you are following a vehicle. You should keep a safety distance of at least:
1) 2 seconds.
2) 3 seconds.
3) 4 seconds.","下雨时你跟随一辆车。你应保持的安全距离至少为：
1) 2 秒。
2) 3 秒。
√ 3) 4 秒。",,,,,"By mistake you have passed the exit of the motorway from which you wished to exit. What should you do?
1) Continue your course until the next exit.
2) Switch on the hazard lights and reverse in the emergency lane.","你不小心错过了想要下的高速出口。你应该怎么办？
√ 1) 继续行驶直到下一个出口。
2) 开启双闪灯并在应急车道倒车。",,"Your passenger vehicle is skidding during braking. How should you react?
1) Release the brakes and turn the steering-wheel to the opposite direction, that is to the direction of vehicle rear part skidding.
2) Brake harder and do not turn the steering-wheel at all.","你的车辆在刹车时发生侧滑。你应该如何反应？
√ 1) 松开刹车并向侧滑的方向转动方向盘（即车尾滑向哪边就往哪边打方向）。
2) 加大刹车力度且完全不转动方向盘。",,"On what condition can you enter the part of the road which is defined by a mesh of yellow lines?
1) On condition that you will compulsorily follow a straight course.
2) On condition that, if you enter, you will not be obliged to stay inside the intersection due to the heavy traffic.","在什么条件下你可以进入由黄色网格线划定的路面区域？
1) 条件是你必须强制直行。
√ 2) 条件是你进入后，不会因交通拥堵而被困在路口内。",,"Which vehicle must wait for the other to pass?
1) The bicycle.
2) The car.
3) The rider and the driver must agree between themselves.","哪辆车必须等待另一辆车先行？
1) 自行车。
√  2) 汽车。
3) 骑行者和驾驶员必须互相协商。",,"Which vehicle is allowed to pass first?
1) Vehicle 1.
2) Vehicle 2.
3) None; the drivers must agree between themselves.","哪辆车允许最先通过？
√ 1) 车辆 1。
2) 车辆 2。
3) 没有；司机必须互相协商。",,"What should you do at a railway crossing which is closed due to the passage of a train?
1) During waiting you should make sure that you do not block any crossroads.
2) Switch off the lights so as not to dazzle anybody.","当铁路道口因火车通过而关闭时，你应该怎么办？
√ 1) 在等待期间，确保自己没有堵塞任何交叉路口。
2) 关掉车灯以免晃到别人。",,"A policeman is regulating the traffic at a crossroad where there are also traffic signs that regulate priority. What should you do?
1) You should exclusively follow the traffic signs that regulate priority.
2) You should follow the signals of the policeman.","交警正在一个设有规定优先权交通标志的路口指挥交通。你应该怎么办？
1) 你应该只遵守规定优先权的交通标志。
√ 2) 你应该听从交警的指挥手势。",,,,,"In the event that a fire starts in your vehicle:
1) You should switch off the engine, the people around should move away and you should put out the fire with the help of the fire extinguisher and, if necessary, with sand or earth.
2) You should throw water to the fire.","万一车辆起火：
√ 1) 应关闭发动机，周围人员远离，用灭火器扑灭，必要时用沙子或泥土（绝不能用水灭油火）。
2) 应向火源泼水。",,"In which case should you declare to the Vehicle Licences Issue Agency any modifications (which are being performed) to your passenger car?
1) In case a luggage-grid is placed.
2) In case of colour change.
3) In case of radio installation.","在下列哪种情况下，你应该向车辆牌照发行机构申报对轿车进行的改装？
1) 安装行李架时。
√ 2) 改变车身颜色时。
3) 安装收音机（车载音响）时。",,"For your child’s safety, you can use according to their height, weight and age:
1) Child seats of an approved type in your car.
2) A net between the front seats.","为了孩子的安全，你可以根据他们的身高、体重和年龄使用：
√ 1) 车内经批准类型的儿童座椅。
2) 前排座椅之间的防护网。",,"At a normal traffic, when the lanes are defined by broken lines:
1) You should move on the rightmost edge of the lane.
2) You should drive within the limits of the lane and as middle as possible.
3) You should move on the left edge of the lane.","在正常交通情况下，当车道由虚线划分时：
1) 你应该在车道的最右边缘行驶。
√ 2) 你应该在车道界限内行驶，并尽可能居中。
3) 你应该在车道的左边缘行驶。",,,,,"What should you check, among others, in a passenger car with a towed caravan, before starting?
1) Whether rear visibility through the mirrors is sufficient.
2) Whether the towed caravan has all the necessary equipment.
","对于拖着旅居挂车的轿车，出发前应检查哪项？
√ 1) 通过后视镜观察的后方视野是否充足。
2) 拖着的挂车是否拥有所有必要设备。",,"What should a driver be careful about when using a mirror of a passenger vehicle?
1) The mirrors must be adjusted according to the individual driver’s needs.
2) The interior mirror gives always full visibility to the right.","驾驶员在使用轿车后视镜时应注意什么？
√ 1) 后视镜必须根据驾驶员的个人需求进行调整。
2) 室内后视镜始终能提供右侧的完整视野。",,"What may increase fuel consumption?
1) Driving with a new air filter.
2) Driving at the maximum number of revolutions.
3) Driving without unnecessary weight.","什么会增加油耗？
1) 使用新的空气滤清器驾驶。
√ 2) 以发动机最大转速驾驶。
3) 减轻不必要的负重行驶。",,"Normally you are allowed to overtake only on the left. In which of the following cases are you allowed to overtake on the right?
1) In rows of slow moving cars, when the traffic in your left lane is slow.
2) In a road with two lanes per direction.","通常只准许从左侧超车。在下列哪种情况下准许从右侧超越？
√ 1) 在缓慢行驶的车流中，当你左侧车道的交通较慢时。
2) 在每个方向有两条车道的道路上。",,"第一场雨最危险：长期干旱后的第一场小雨最滑，因为雨水和路面的油污、灰尘混合成了“润滑泥浆”。
","水滑 (Aquaplaning)：一旦发生水滑，轮胎和地面之间是一层水，方向盘会变得非常“轻”且失效。唯一的办法是减速，不要猛打方向。
",,"What does this traffic sign mean?
1) Road with a width of 2 m.
2) No entry to vehicles with a total width of over 2 m.
3) Approaching a leading vehicle at a distance of less than 2 m is forbidden.","这个交通标志（写有 2m 且两侧有箭头）是什么意思？
1) 宽度为 2 米的道路。
√ 2) 禁止总宽度超过 2 米的车辆进入。
3) 禁止与前车距离小于 2 米。",,,,,,,,"What does this traffic sign mean?
1) Caution! Vehicles carrying hazardous materials may cause water pollution.
2) Vehicles carrying hazardous loads must turn left.
3) Vehicles carrying hazardous loads are prohibited from following the direction.","这个交通标志是什么意思？
1) 注意！携带危险材料的车辆可能引起水污染。
√ 2) 携带危险货物的车辆必须左转。
3) 携带危险货物的车辆禁止沿此方向行驶。",,"What does this traffic sign show?
1) Compulsory course in a row.
2) Frequent traffic jam.
3) No entry to more than three vehicles.","这个交通标志显示什么？
1) 强制排队。
√ 2) 频繁交通拥堵。
3) 禁止超过三辆车进入。",,"What does this traffic sign mean?
1) Country Clinic.
2) Telephone.
3) Repair Workshop.","这个交通标志（扳手图案）是什么意思？
1) 乡村诊所。
2) 电话。
√ 3) 修理厂（Repair Workshop）。",,,,,,,,,,,"What should you do if you saw this traffic sign?
1) Give way to the vehicle that come from the left.
2) Go right at the crossroad before the traffic sign.","如果你看到这个交通标志（蓝色圆圈内指向右侧的弯箭头），你应该怎么办？
1) 给来自左侧的车辆让行。
√ 2) 在该标志牌之前的十字路口处右转。",,"In which of the following positions are you prohibited from parking your vehicle?
1) At a distance of over 20 m from traffic lights.
2) On curves.
3) At a distance of over 12 m from bus-stops.","在下列哪些位置你是被禁止停车的？
1) 距离交通信号灯 20 米以上的地方。
√ 2) 在弯道（Curves）上。
3) 距离公交车站 12 米以上的地方。",,"Why should you drive very carefully in this case?
1) Because the visibility is hindered by the bend and the road is wet.
2) Because after the right bend there may be a dangerous left bend.","在这种情况下你为什么要非常小心地驾驶？
√ 1) 因为能见度受弯道阻碍，且路面是湿的。
2) 因为在右弯之后可能紧接着一个危险的左弯。",,"What may a destroyed thermostat which remains off due to a failure cause?
1) Wear to the water pump.
2) Dangerous increase of engine temperature.
3) Abrupt cooling of the engine.","由于故障导致恒温器（节温器）无法开启会造成：
1) 水泵磨损。
√ 2) 发动机温度危险升高（过热）。
3) 发动机突然冷却。",,"What should you do if the crash with wild animals is inevitable?
1) Brake, hold the steering-wheel firmly and try to maintain your course.
2) In any case make something to avoid the crash.","如果与野生动物的碰撞不可避免，你应该怎么办？
√ 1) 刹车，紧握方向盘并尝试保持原路线。
2) 采取任何措施以避免碰撞（注：指不要猛打方向导致翻车或撞树）。",,"Speed limits determined by traffic signs like this:
1) Should be reached.
2) Should not be exceeded.
3) Are recommended.","像这样（红圈数字）的交通标志所确定的限速：
1) 应该达到该速度。
√ 2) 不应超过该速度。
3) 是建议速度。"
"Your health condition obliges you to take medicines which may affect your driving. You should consult:
1) Ministry of Transport and Communications.
2) Police.
3) Your doctor.","你的健康状况迫使你服用可能影响驾驶的药物。你应该咨询：
1) 交通与通讯部。
2) 警察。
√ 3) 你的医生。",,"When driving in a foggy night and following another vehicle, you should:
1) Keep such distance as needed for being able to avoid it, if necessary.
2) Keep such distance which will allow you to be able to see it.
3) Drive with the headlights on full beam.","在雾夜跟车行驶时，你应该：
√ 1) 保持必要的距离，以便在必要时能够避开前车。
2) 保持能让你看清前车的距离。
3) 开启远光灯行驶。",,"保险不赔：只要题目里出现 Drunk (醉酒)，保险公司绝对不赔。
","急救电话：记住希腊的 100 (警察)、166 (救护车)、199 (消防队)。
",,"Does the vehicle that enters a motorway have the right of way?
1) Yes, because it comes from the right.
2) No, because those that move in the motorway have the right of way.","进入高速公路的车辆有优先权吗？
1) 有，因为它从右侧驶入。
√ 2) 没有，因为在高速公路上行驶的车辆拥有优先权。",,"Humidity may adversely affect brakes' effectiveness. What should you do in this case?
1) Brake many times while the vehicle is stopped.
2) Move at a low speed and brake repeatedly and softly.
3) Fill in brake fluid.","潮湿可能会对刹车性能产生不利影响。这种情况下你应该怎么办？
1) 在车辆停止时多次踩刹车。
√ 2) 低速行驶并反复轻踩刹车（磨干水分）。
3) 加注刹车油。",,"You are moving in the left lane of the road in this picture and you intend to turn right at the next crossroad indicated by the arrow. What should you do?
1) Warn the drivers that follow of your intention, check the traffic in the right lane, move gradually to the right lane and turn right.
2) Speed up overtaking the leading car, inform its driver of your intention and turn right.","你行驶在图中道路的左侧车道，打算在箭头指示的下个路口右转。你应该怎么办？
√ 1) 告知后方司机你的意图，检查右侧车道交通，逐渐移至右侧车道后右转。
2) 加速超过前车，告知其司机你的意图后右转。",,"Which vehicle has priority and why?
1) Vehicle 1 because it comes from the right.
2) Vehicle 2 because it maintains its course.
3) Vehicle 2 because it is moving in a wider road.","哪辆车拥有优先权，为什么？
√ 1) 车辆 1，因为它从右侧驶来。
2) 车辆 2，因为它保持原路线行驶。
3) 车辆 2，因为它在更宽的道路上行驶。",,"The traffic light is flashing amber. What must the driver of the car do?
1) Wait until the traffic light changes to green.
2) Certainly stop.
3) Slow down and continue carefully giving way to cars and pedestrians.","交通灯正闪烁黄灯。汽车司机必须做什么？
1) 等待直到交通灯变绿。
2) 必须停车。
√ 3) 减速并小心继续行驶，给其他车辆和行人让行。",,"This traffic sign stresses:
1) Approach to a location of level railway or tram crossing without movable barriers.
2) Approaching a passage where there is a hump.","这个（圣安德鲁十字）交通标志强调：
√ 1) 接近一个没有移动栏杆的铁路或电车平交道口。
2) 接近一个有驼峰的路段。",,"If the traffic policeman is waiving at night a red light to your direction, you must:
1) Stop.
2) Continue straight ahead.
3) Turn right.","如果交警在夜间向你的方向挥动红灯，你必须：
√ 1) 停止。
2) 继续直行。
3) 右转。",,,,,"The wheel anti-lock braking system (ABS):
1) Prevents, when braking, wheel locking and allows you, while braking, to maintain the control of the vehicle.
2) Allows you to reduce the safety distance.","车轮防抱死制动系统 (ABS)：
√ 1) 在制动时防止车轮锁死，让你在制动的同时保持对车辆的转向控制。
2) 允许你减少安全距离。",,"In which case should you declare to the Vehicle Licences Issue Agency any modifications (which are going to be performed) to your passenger car?
1) In case the engraved chassis number is expected to fade due to repair of the chassis.
2) In case of installing seat belts on the rear seats.","在下列哪种情况下，你应该向车辆牌照发行机构申报对轿车（即将）进行的改装？
√ 1) 因维修底盘预计导致刻在底盘上的编号模糊不清。
2) 在后排座椅安装安全带。",,"You are driving your vehicle slightly faster than walking speed. Should the seat belts be fastened?
1) No, during drives in residential areas.
2) Yes, during every drive.
3) Only during drives in motorways and expressways.","你的车速仅比步行速度稍快。是否必须系好安全带？
1) 不需要，在住宅区行驶时。
√ 2) 是的，每次驾驶都必须系好。
3) 只有在高速公路和快速路上行驶时才需要。",,"In order to turn left at an intersection from a two-way street:
1) You should move to the road axis you will leave.
2) You should stay on the right part of the street.
3) You should move on the left part of the street.","为了在交叉路口从双向街道左转：
√ 1) 你应该移动到你即将离开的道路的轴线（中心线）处。
2) 你应该留在街道的右侧部分。
3) 你应该移动到街道的左侧部分。",,"阻力 = 油耗：开车窗、装车顶架都会增加空气阻力，从而显著增加油耗（尤其是高速行驶时）。
","档位原则：环保驾驶的核心是“高档位、低转速”。尽快升到最高档并保持匀速是最省油的。
",,"Even in the day-time you must drive with the dipped headlights on:
1) When visibility is insufficient due to the dirty windscreen.
2) When visibility is insufficient due to a rainfall or fog or snowfall.
","即使在白天你也必须开启近光灯的情况是：
1) 因挡风玻璃太脏导致能见度不足。
√ 2) 因降雨、大雾或降雪导致能见度不足。",,,,,"Which driving attitude increases fuel consumption?
1) Smooth start.
2) Frequent acceleration and braking.
3) Steady course.","哪种驾驶态度/习惯会增加油耗？
1) 平稳起步。
√ 2) 频繁加速和刹车。
3) 匀速行驶。",,"On an uphill you wish to overtake a bicycle. What should you do?
1) Pass as close to the bicycle as possible, so as not to enter the lane of the opposite direction.
2) Keep longer side distance, because the bicycle may start wobbling.","在上坡路段你想超越一辆自行车。你应该怎么办？
1) 尽可能靠近自行车通过，以免进入对向车道。
√ 2) 保持更长的侧向距离，因为自行车可能会摇晃。",,"侧滑纠正：这是一个高频考点。如果车尾 (Rear part) 向右滑，方向盘就向右打；向左滑就向左打。
","结冰地点：桥梁 (Bridges) 比普通路面更容易结冰，因为桥梁上下都是冷的。
",,"What does this traffic sign mean?
1) No entry to lorries.
2) No entry to motor vehicles that tow trailers, except for semi-trailers or a single-axle trailers.
3) No entry to trailers.","这个交通标志（带有挂车的图案）是什么意思？
1) 禁止货车进入。
√ 2) 禁止牵引挂车的机动车进入，但半挂车或单轴挂车除外。
3) 禁止所有挂车进入。",,,,,,,,"What does this traffic sign mean?
1) Vehicles carrying hazardous loads must turn right.
2) Vehicles carrying hazardous loads are prohibited from turning right.
3) Vehicles carrying explosive or inflammable materials must turn right.","这个交通标志是什么意思？
√ 1) 携带危险货物的车辆必须右转。
2) 携带危险货物的车辆禁止右转。
3) 携带爆炸或易燃材料的车辆必须右转。",,"What does this traffic sign mean?
1) Two dangerous converse or successive bends, the first of which is right.
2) Two dangerous converse or successive bends, the first of which is left.
3) Right turn is forbidden.","这个交通标志是什么意思？
√ 1) 两个危险的反向或连续弯道，第一个是右弯。
2) 两个危险的反向或连续弯道，第一个是左弯。
3) 禁止右转。",,"What does this traffic sign mean?
1) Upper (superterrestrial) pedestrian crossing.
2) Lower (underground) pedestrian crossing.
3) Two-level pedestrian crossing without stairs.","这个交通标志（带有向下楼梯的小人）是什么意思？
1) 人行天桥。
√ 2) 人行地下通道。
3) 无阶梯的双层人行过道。",,,,,,,,,,,"What does this traffic sign mean?
1) Entrance of horse-race circus.
2) Road only for men on horseback (others than men on horseback who use the road are forbidden).
3) No entry to riding animals.","这个交通标志（蓝色圆圈内有骑马者图案）是什么意思？
1) 赛马场入口。
√ 2) 仅限骑马者使用的道路（禁止骑马者以外的人使用该路）。
3) 禁止骑马动物进入。",,"What must you do when you park your car in a road that has no pavements?
1) Not park in front of house or shop entrances.
2) Park your car as close to the building line as possible.
3) Leave free space, with a width of at least 1 m, for the pedestrians.","当你在没有设置人行道的道路上停车时，你必须做什么？
1) 不要在住宅或商店入口前停车。
2) 尽量靠近建筑线停车。
√ 3) 为行人留出至少 1 米宽的自由空间。",,"What do the traffic signs of the picture warn of?
1) Ahead of you there are two dangerous converse or successive continuous bends, the first of which is left, and your speed must be restricted to 40 km/h.
2) Because you will come across a branch with an oblique left road, your speed must be restricted to 40 km/h.","图片中的交通标志（S形弯道标志+40限速）预告了什么？
√ 1) 前方有两个危险的连续反向弯道，第一个是左弯，且你的车速必须限制在 40 公里/小时。
2) 因为你会遇到一个带有左侧斜交支路的路口，你的车速必须限制在 40 公里/小时。",,"How often should you normally check the pressure of the tyres of your car?
1) Daily.
2) Weekly.
3) Monthly.","通常你应该多久检查一次汽车轮胎的气压？
1) 每天。
2) 每周。
√  3) 每月。",,"At intersections where there are pedestrian crossings and traffic is not regulated by a traffic policeman or traffic lights, who has priority?
1) Vehicles.
2) Pedestrians.
3) Nobody. Both the drivers and pedestrians should determine their movement on their own responsibility.","在设有人行横道且没有交警或信号灯指挥的路口，谁拥有优先权？
1) 车辆。
√ 2) 行人。
3) 谁都没有。驾驶员和行人都应自行负责确定移动。",,"Should you adjust your speed so as to manage to stop in the visible and free space of the road in front of your vehicle?
1) YES
2) NO","你是否应该调整车速，以便能在车辆前方的可见且无障碍的路段内停住车？
√ 1) 是的
2) 不需要"
"The consumption of alcohol may cause during driving:
1) Reduced control.
2) Increased alertness.
3) Quicker reactions.","饮酒在驾驶过程中可能导致：
√ 1) 控制力下降。
2) 提高警觉性。
3) 反应更快。",,"When passing stopped vehicles, you should, if possible keep:
1) A distance which is at least equal to the width of a car door.
2) A distance of not less than 2 m.
3) A distance of not less than 3 m.","通过路边停放的车辆时，如果可能，你应该保持：
√ 1) 至少相当于一个车门宽度的距离。
2) 不少于 2 米的距离。
3) 不少于 3 米的距离。",,第三方险 (Third Party Insurance)：在希腊，最基本的保险涵盖你撞到的人和物，也包括你车上的乘客，但不包括你自己车辆的修理费。,逃逸罪：不仅是肇事者跑了算逃逸，如果你作为证人 (Witness) 涉及其中却不停车配合，也被视为逃逸。,,"When leaving a motorway your perception of speed may cause you to feel that you are moving:
1) Faster than actually.
2) Slower than actually.
3) At the actual speed.","离开高速公路时，由于速度错觉，你可能会觉得自己的速度：
1) 比实际快。
√ 2) 比实际慢。
3) 处于实际速度。",,"You are driving in a provincial road in a convoy of cars. What should you do?
1) By using the horn and the lights urge the leading vehicle to overtake.
2) Keep sufficient distance from the leading vehicle and watch the vehicle that follows.
3) Overtake as fast as possible the leading vehicles one after the other.","你在省道上的车队中行驶。你应该怎么办？
1) 通过鸣喇叭和闪灯促使前车超车。
√ 2) 与前车保持足够距离，并观察后方车辆。
3) 尽可能快地一个接一个超过前方的车辆。",,"The car in this picture intends to turn right to the road where you are moving. What should you do and why?
1) Continue without slowing down and overtake the car on the left, because your speed is higher.
2) Slow down and give way to the car, because it comes from the right.","图中车辆打算右转进入你行驶的道路。你应该怎么办？为什么？
1) 继续行驶不减速并从左侧超过该车，因为你的车速更高。
√ 2) 减速并给该车让行，因为它从你的右侧驶来。",,"Which vehicle has priority?
1) Vehicle 1.
2) Vehicle 2.
3) None; the drivers must agree between themselves about who will pass first.","哪辆车拥有优先权？
√ 1) 车辆 1。
2) 车辆 2。
3) 没有；司机必须互相协商谁先通过。",,"In which order must the vehicles cross the intersection?
1) 1-2-3.
2) 2-1-3.
3) 3-2-1.","车辆必须按什么顺序穿过路口？
1) 1-2-3。
√  2) 2-1-3。
3) 3-2-1。",,"This traffic sign stresses:
1) That you are approaching a passage which has a hump.
2) That there are two or more railway lines at the level crossing you are approaching.","这个（双十字）交通标志强调：
1) 你正接近一个有驼峰的路段。
√ 2) 你正接近的平交道口有两条或两条以上的铁路线。",,"How should you react to the instructions of the traffic policeman?
1) You must follow them when they agree with the traffic signs.
2) You must always follow them.","你应该如何对待交警的指示？
1) 当指令与交通标志一致时，你才必须遵守。
√ 2) 你必须始终遵守（无论与标志是否矛盾）。",,,,,"In roads outside residential areas which are not motorways or expressways, the warning triangle must be placed behind the vehicle at a distance of at least:
1) 50 m.
2) 100 m.","在非高速公路或快速路的住宅区外道路上，警告三角牌必须放置在车后至少多远距离？
√ 1) 50 米。
2) 100 米。",,,,,"A passenger vehicle is fitted with belts for all its seats. Which persons must wear them?
1) The driver and the passengers of the front seats.
2) Only the driver.
3) The driver and all passengers.","一辆轿车的所有座位都配备了安全带。哪些人必须系安全带？
1) 驾驶员和前排乘客。
2) 只有驾驶员。
√ 3) 驾驶员和所有乘客。",,"At a normal course in a motorway with three lanes per direction, regardless of your speed, you are driving correctly if you are moving:
1) In the middle lane.
2) In the right lane.
3) In the left lane.","在每方向有三条车道的高速公路上正常行驶时，无论车速如何，如果你在哪条车道移动才是正确的：
1) 中间车道。
√ 2) 右侧车道（靠右行驶原则）。
3) 左侧车道。",,"空挡并不省油：在现代车辆中，带档下坡（不踩油门）比挂空挡下坡更省油，因为发动机会进入“断油”模式。
","轮胎气压：气压不足会增加滚动摩擦，导致费油。必须保持正确 (Right/Correct) 的气压。
",,"In a residential area which is lighted at night, you must drive having the following lights on:
1) Dipped headlights.
2) Full beam headlights.
3) Side lights only.","在夜间有照明的住宅区内，你必须开启以下哪种灯光行驶：
√ 1) 近光灯。
2) 远光灯。
3) 仅开启侧灯（示宽灯）。",,,,,"What should you be careful about in order to protect the environment?
1) Avoid driving without a serious reason.
2) Drive at as many engine revolutions as possible.","为了保护环境，你应该注意什么？
√ 1) 无重要原因避免开车。
2) 尽可能以高转速行驶。",,"What should you be careful about during overtaking as regards the side distance?
1) Keeping sufficient side distance from the other road users, in particular, pedestrians and motorcyclists.
2) The side distance from two-wheeled motorcycles must be shorter than that from the cars.","超车时在侧向距离方面你应该注意什么？
√ 1) 与其他道路使用者，特别是行人和摩托车手保持足够的侧向距离。
2) 与两轮摩托车的侧向距离应比与汽车的距离更短。",,"湿地抓地力：记住是降了一半（50%）。
",,,"What does this traffic sign mean?
1) Entry to an area where the maximum permissible speed limit is 50 km/h.
2) Compulsory steady speed of 50 km/h.
3) Exit from an area where the maximum permissible speed limit is 50 km/h.","这个交通标志（带斜杠的 50 标志）是什么意思？
1) 进入最高限速为 50 公里/小时的区域。
2) 强制保持 50 公里/小时的恒定车速。
√ 3) 离开最高限速为 50 公里/小时的区域。",,,,,,,,,,,"What should you do if you saw this traffic sign?
1) You should overtake the leading vehicles.
2) You should not overtake in any case.
3) You should give way to oncoming traffic.","如果你看到这个交通标志，你应该怎么办？
1) 你应该超越前车。
√   2) 你在任何情况下都不应超车。
3) 你应该给对向来车让行。",,"What does this traffic sign mean?
1) Warning of a no through road on the right.
2) Right branch with a country road which leads to a settlement.
3) On the right of the road there is a place for vehicle parking.","这个交通标志是什么意思？
√ 1) 预告右侧此路不通。
2) 右侧支路是通往定居点的乡村道路。
3) 道路右侧有车辆停车场。",,,,,,,,,,,"What does this traffic sign mean?
1) No entry to bicycles.
2) Route only for bicycles (no route for other vehicles).
3) Danger due to the passage of bicycles.","这个交通标志（蓝色圆圈内有自行车图案）是什么意思？
1) 禁止自行车进入。
√ 2) 仅限自行车行驶的路线（禁止其他车辆通行）。
3) 因自行车经过产生的危险。",,"In order to move off safely from a place of parking, your last action must be to:
1) Switch on the indicator.
2) Look obliquely over your shoulder.
3) Give an arm signal.","为了安全地从停车位起步驶出，你的最后一个动作必须是：
1) 开启转向灯。
√ 2) 回头观察肩膀后的斜后方（检查盲区）。
3) 做出手臂信号。",,,,,"In case of removal of the catalytic converter of a car, what happens?
1) Nothing.
2) Engine power is significantly increased.
3) Exhaust gases which are noxious to health are emitted by the car.","如果拆除汽车的催化转换器，会发生什么？
1) 没什么。
2) 发动机功率大幅增加。
√ 3) 车辆会排放对健康有害的废气。",,"In which case are you allowed to stop preceding military columns or religious processions?
1) Only when you are going to turn right or left.
2) Only when the columns or processions are moving around squares or roundabouts.
3) Under no circumstances.","在什么情况下你被允许阻断/切断正在行进的军队列队或宗教游行队伍？
1) 只有当你打算左右转弯时。
2) 只有当队伍在广场或环岛周围移动时。
√ 3) 在任何情况下都不允许。",,"The speed limits in Greece for passenger cars are:
1) 130 km/h in a motorway and 50 km/h in inhabited area.
2) 90 km/h in the entire national road network.","希腊轿车的限速规定是：
√ 1) 高速公路 130 公里/小时，居住区 50 公里/小时。
2) 整个国道网络均为 90 公里/小时。"
"The permissible content of alcohol in the blood is:
1) 0,5 grams per litre of blood and 0,2 grams per litre of blood for new drivers.
2) 0,8 grams per litre of blood and 0,5 grams per litre of blood for new drivers.

","法定允许的血液酒精含量限值是：
√ 1) 普通司机为每升 0.5 克；新手司机（拿证不满2年）为每升 0.2 克。
2) 普通司机为每升 0.8 克；新手司机为每升 0.5 克。",,"Which is the stopping distance according to the empirical rule, when you are moving at a speed of 50 km/h on a level dry road?
1) 25 m.
2) 15 m.
3) 20 m.","根据经验法则，在平坦干燥的道路上以 50 公里/小时的速度行驶，停车距离是多少？
√ 1) 25 米。
2) 15 米。
3) 20 米。",,,撞到动物：必须像撞到人一样停车处理，不能直接开走。,,"In order to leave a motorway or an expressway:
1) You must enter the slow-down lane and then reduce speed.
2) You must slow down as soon as you notice the slow-down lane.","为了离开高速公路或快速路：
√ 1) 必须先进入减速车道（Slow-down lane），然后减速。
2) 一注意到减速车道就立即减速。",,"You have a vehicle that leaves much dirt on the road. What should you do?
1) It suffices to call the traffic help.
2) Spot the dangerous point and remove the dirt, and, if this is not possible, call Traffic Police.
3) You do not need to do anything.","你的车辆在路面上留下了大量污垢（如泥土或油渍）。你应该怎么办？
1) 只需要打电话求助。
√ 2) 标记危险点并清除污垢，如果无法做到，请致电交通警察。
3) 不需要做任何事情。",,"On which of the three indicated tracks, if your vehicles move, will obstruct traffic?
1) Track 1.
2) Track 2.
3) Track 3.","在三条标示的轨迹中，如果你的车辆在上面行驶，哪条会阻塞交通？
1) 轨迹 1。
√ 2) 轨迹 2。
3) 轨迹 3。",,"Which vehicle has priority?
1) Vehicle 1.
2) Vehicle 2.
3) None; the drivers must agree between themselves.","哪辆车拥有优先权？
√  1) 车辆 1。
2) 车辆 2。
3) 没有；司机必须互相协商。",,"Which vehicle is allowed to cross the intersection first?
1) Vehicle 1.
2) Vehicle 2.
3) Vehicle 3.","哪辆车允许最先穿过路口？
√ 1) 车辆 1。
2) 车辆 2。
3) 车辆 3。",,"Which vehicle has priority?
1) Vehicle 1.
2) Vehicle 2.
3) None; the drivers must agree between themselves.","哪辆车（电车 vs 汽车）拥有优先权？
1) 车辆 1（电车）。
2) 车辆 2。
3) 没有；司机必须互相协商。",,"A traffic policeman regulates the traffic at a crossroads, although the traffic lights work. You must comply with:
1) The traffic lights.
2) The signals of the traffic policeman.","尽管红绿灯正在工作，但交警正在路口指挥交通。你必须服从：
1) 交通灯（红绿灯）。
√ 2) 交警的指挥信号。",,,,,"A railway officer is waiving a red light at a railway crossing. What should you do?
1) Stop at a safe distance before the railway crossing.
2) Cross the rails slowly.
3) Cross the rails speeding up.","铁路工作人员在道口挥动红灯。你应该怎么办？
√ 1) 在铁路道口前的安全距离处停车。
2) 缓慢穿过铁轨。
3) 加速穿过铁轨。",,"B类驾照 (Category B)：记住两个关键数字——9座（含司机）和 3.5吨（3,500kg）。
","酒精刑事责任：超过 1.10 g/l 不仅仅是罚款扣分，而是属于刑事犯罪 (Misdemeanour)。
",,"The blind spot is an area:
1) Not seen in the mirrors from the driver’s seat.
2) Seen in the mirrors.
3) Not visible through an oblique glance over the shoulders.","盲区（Blind spot）是指：
√ 1) 在驾驶座上通过后视镜看不到的区域。
2) 通过后视镜可以看到的区域。
3) 通过转头斜视肩膀后方无法看到的区域。",,"Has the car stopped in a correct position on the road and why?
1) No, because it should have come closer, at the level of the traffic lights.
2) Yes, because it has stopped before the special stop line of the pedestrian crossing.","图中车辆是否停在路上的正确位置，为什么？
1) 不正确，因为它应该靠得更近，停在红绿灯水平位置。
√ 2) 正确，因为它停在行人过街横道的专用停止线之前。",,"严禁改装：任何关于“拆除或改装消音器（Silencer）”的选项都是错误的，那会产生巨大的噪音污染。
",,,"You must change from full beam headlights to dipped headlights:
1) Before meeting a vehicle that comes from the opposite direction or when you follow a vehicle.
2) At crossings.
3) On the top of a slope.","你必须在以下哪种情况下从远光灯切换为近光灯：
√ 1) 在遇到对向来车之前，或跟随其他车辆行驶时。
2) 在十字路口。
3) 在坡顶位置。",,"握方向盘姿势：最标准的是“10点10分”或“9点1刻”，这样转弯半径最大且最安全。
","左脚习惯：左脚只有在换挡或停车时才去碰离合，平时必须放在左边的地板（休息踏板）上，否则会加速离合器片的磨损。
",,"Economical driving:
1) Reduces fuel consumption, improves safety and is beneficial to the environment.
2) Increases the wear of the vehicle.","经济驾驶（Economical driving）：
√ 1) 降低油耗、提高安全性且对环境有益。
2) 增加车辆的磨损。",,"What should you do when you wish to complete overtaking?
1) Without bothering the vehicle you are overtaking, return to the right side of the road as soon as possible.
2) Sound the horn while overtaking and immediately pull in ahead of the vehicle you are overtaking.","当你想要完成超车时应该怎么办？
√ 1) 在不干扰被超车辆的情况下，尽快返回道路右侧。
2) 超车时鸣笛，并立即切入被超车辆的前方。",,,,,"What does this traffic sign mean?
1) Danger due to the traffic of animal-drawn vehicles.
2) No entry to animal-drawn vehicles.
3) Only animal-drawn vehicles are allowed to enter.","这个交通标志（畜力车图案）是什么意思？
1) 因畜力车通行产生的危险。
√ 2) 禁止畜力车进入。
3) 仅限畜力车进入。",,,,,,,,"背景颜色辨记：
绿色 (Green)：通往高速公路 (Motorway)。
蓝色 (Blue)：通往本地/城际道路 (Local network) 或 快速路 (Expressway)。
棕色 (Brown)：通往旅游景点、考古遗址 (Touristic/Archaeological)。
黄色 (Yellow)：通常用于施工临时绕行。","特殊路线：如果路口禁止左转，你会看到一个画着“先右转再绕一圈直行”的标志，这叫间接左转。
",,"What does this traffic sign mean?
1) Approaching a circular compulsory course.
2) Compulsory movement of vehicles in a row.
3) Road closed to all vehicles.","这个交通标志是什么意思？
√ 1) 接近环岛。
2) 车辆强制排队移动。
3) 道路对所有车辆关闭。",,"What does this traffic sign mean?
1) Telephone.
2) Refreshment bar.
3) Hospital.","这个交通标志（电话图案）是什么意思？
√ 1) 电话。
2) 茶点吧/咖啡厅。
3) 医院。",,,,,,,,,,,"What does this traffic sign mean?
1) Turn right or left ahead.
2) Compulsory passage from the right or left side of the traffic island or obstacle.
3) Going straight is forbidden.","这个交通标志（蓝色圆圈内有两个指向左和右的向下箭头）是什么意思？
√ 1) 前方必须向右或向左转弯。
2) 强制从交通岛或障碍物的右侧或左侧通过。
3) 禁止直行。",,"You wish to leave your vehicle parked on a road. Can you leave the engine on until you come back?
1) Only if you park for less than 5 minutes.
2) So as to charge a battery.
3) No, not in any circumstances.","你想把车停在路上。你可以让发动机一直运转直到你回来吗？
1) 只有当你停车少于 5 分钟时才可以。
2) 为了给电池充电。
√ 3) 不可以，在任何情况下都不行。",,"离心力与速度：离心力总是把车往外侧 (Outside) 推。车速翻倍，推力翻 4 倍。
","入弯减速：最标准的操作是“慢入快出”。在进入弯道前就应该把挡位和速度降好。
",,"What is the consequence of a dirty air filter?
1) The engine presents operation interruptions.
2) The engine starts with difficulty.
3) Fuel consumption is greater.","空气滤清器过脏的后果是什么？
1) 发动机运行中断。
2) 发动机启动困难。
√ 3) 油耗增加。",,"Half of the road is closed due to a worksite. Two vehicles are coming simultaneously to the worksite from opposite directions. Which vehicle must wait?
1) The smaller vehicle.
2) The wider vehicle.
3) The vehicle that is moving in the lane where the obstacle is.","道路的一半因工地关闭。两辆车从相反方向同时到达工地。哪辆车必须等待？
1) 较小的车。
2) 较宽的车。
√ 3) 障碍物所在车道内的那辆车。",,"The speed limits for passenger cars in Greece are:
1) 110 km/h in expressways.
2) 130 km/h in roads with an island that divides the two directions.
3) 60 km/h in a residential area.","希腊轿车的限速规定是：
√ 1) 快速路 110 公里/小时。
2) 在有中央隔离带的道路上 130 公里/小时。
3) 住宅区 60 公里/小时。"
,,,"Your reaction time is 1 second. What distance will your vehicle cover, according to the empirical rule, if running at a speed of 100 km/h during your reaction time?
1) 30 m.
2) 50 m.
3) 100 m.","你的反应时间是 1 秒。根据经验法则，如果车速为 100 公里/小时，在反应时间内车辆行驶的距离是多少？
√ 1) 30 米。
2) 50 米。
3) 100 米。",,,,,"The left lane of a motorway with three lanes is allowed to be used by a driver:
1) always.
2) So that they drive at high speed.
3) So that they overtake.","三车道高速公路的最左侧车道允许驾驶员在什么情况下使用？
1) 始终可以使用。
2) 为了高速行驶。
√ 3) 为了超车。",,"Which parts of the road are you not permitted to enter, if due to traffic jam you had to wait?
1) Intersections, railway crossings, pedestrian crossings.
2) Motorways, expressways.","如果你因交通拥堵必须等待，哪些路段是不允许进入并停留的？
√ 1) 交叉路口、铁路道口、行人过街横道（避免阻碍交通）。
2) 高速公路、快速路。",,"Which vehicle has priority?
1) Vehicle 1.
2) Vehicle 2.
3) None; the drivers must agree between themselves.","哪辆车拥有优先权？
1) 车辆 1。
√ 2) 车辆 2。
3) 没有；司机必须互相协商。",,"Which vehicle must cross the intersection last?
1) Vehicle 1.
2) Vehicle 2.
3) Vehicle 3.","哪辆车必须最后穿过路口？
1) 车辆 1。
2) 车辆 2。
√ 3) 车辆 3。",,"In which order are the vehicles allowed to cross this intersection?
1) 1-2-3.
2) 2-1-3.
3) 1-3-2.","车辆允许按什么顺序穿过此路口？
1) 1-2-3。
√  2) 2-1-3。
3) 1-3-2。",,"Which vehicle must cross the intersection last?
1) Vehicle 1.
2) Vehicle 2.
3) Vehicle 3.","哪辆车必须最后通过十字路口？
1) 车辆 1
2) 车辆 2
√  3) 车辆 3",,,,,,,,"You are towing a baggage trailer and it starts wobbling. You must:
1) Speed up and hold the steering-wheel firmly.
2) Brake abruptly and hold the steering-wheel firmly.
3) Release the accelerator smoothly.","你正拖着行李拖车行驶，拖车开始摇晃。你必须：
1) 加速并紧握方向盘。
2) 紧急刹车并紧握方向盘。
√ 3) 平稳地松开油门。",,"事故报告时限：
仅导致财产损失：24小时内告知对方。
导致人身伤害：尽快 (As soon as possible) 报警。","眼镜/隐形眼镜：如果你驾照上有佩戴眼镜的限制代码，你必须始终佩戴，且法律规定车内必须备有备用眼镜。
",,"To sit on a driver’s seat correctly:
1) You must be able to rest your wrists on the upper part of the steering-wheel and to press the clutch fully.
2) You must be able to rest your hands on the dashboard.","为了正确坐在驾驶座上：
√ 1) 你必须能够将手腕搭在方向盘顶部，并能踩死离合器踏板。
2) 你必须能够将手搭在仪表盘上。",,"In a motorway or expressway with three traffic lanes per direction you are towing a caravan:
1) You can use the left lane to overtake.
2) You cannot use the left lane to overtake.","在每方向有三条车道的高速公路或快速路上，你正拖着一辆旅居挂车（大篷车）：
1) 你可以使用最左侧车道进行超车。
√ 2) 你不能使用最左侧车道进行超车（重型或拖挂车辆禁止使用最左车道）。",,,,,"Outside a residential area at night:
1) You must use only the dipped headlights.
2) You must use the full beam headlights.","夜间在住宅区以外：
1) 你必须仅使用近光灯。
√ 2) 你必须使用远光灯（除非遇到来车或跟车）。",,"等红灯：希腊考试和安全规范都建议换空挡+踩刹车，而不是一直踩着离合挂1挡，这既能保护车辆也更安全。
","灯光照射距离 (必考数字)：
远光灯 (High beam)：至少照亮 100米。
近光灯 (Dipped beam)：至少照亮 40米。
",,"During peak hours do you consume in the city more or less fuel than during other hours of the day?
1) More, because you have to speed up and brake more often.
2) Less, because you have to drive more at low speeds.","高峰时段在市内的油耗比其他时段多还是少？
√ 1) 更多，因为必须更频繁地加速和刹车。
2) 更少，因为低速行驶的时间更多。",,"Behind a lorry there is a convoy of passenger cars. Which passenger car should overtake first?
1) The first passenger car of the convoy.
2) The last passenger car of the convoy.","货车后面跟着一队轿车。哪辆轿车应该先超车？
√ 1) 车队中的第一辆轿车（紧跟货车的那辆）。
2) 车队中的最后一辆轿车。",,,,,"What does this traffic sign mean?
1) No entry to hand-carts.
2) Road closed to all vehicles except for hand-carts.
3) Parking of hand-carts is forbidden.","这个交通标志（手推车图案）是什么意思？
√ 1) 禁止手推车进入。
2) 除手推车外禁止所有车辆通行。
3) 禁止手推车停放。",,,,,,,,"危险品车辆：看到标志里有橙色 (Orange) 小货车或方块，都是专门针对危险品运输车 (Hazardous loads) 的强制指示。
","机场标志：在希腊看到飞机图标，指的就是机场方向。
",,"What should you do if you saw this traffic sign?
1) Brake.
2) Brake and engage a lower gear.
3) Continue at the same speed.","如果你看到这个交通标志，你应该怎么办？
1) 刹车。
√ 2) 刹车并换入低档位。
3) 继续以同样速度行驶。",,"What does this traffic sign mean?
1) Maximum speed of 60 km/h.
2) Recommended speed of 60 km/h.
3) Minimum speed of 60 km/h.","这个交通标志（蓝色方形内写有60）是什么意思？
1) 最高限速 60 公里/小时。
√ 2) 建议时速 60 公里/小时。
3) 最低限速 60 公里/小时。",,,,,,,,,,,"What should you do if you saw this traffic sign?
1) Give way to the vehicle that is coming from the right.
2) Turn left at the crossroads before the traffic sign.","如果你看到这个交通标志（蓝色圆圈内指向左侧的弯箭头），你应该怎么办？
1) 给来自右侧的车辆让行。
√ 2) 在该标志牌之前的十字路口处左转。",,"You are parking your vehicle on the side of a road, with the front part on an uphill. You must apply the handbrake and:
1) Select the reverse gear.
2) Select the neutral gear.
3) Select the first gear.","你将车停在路边，车头朝向上坡。你必须拉紧手刹并：
1) 挂入倒挡（Reverse）。
2) 挂入空挡。
√ 3) 挂入一挡（First gear）。",,"弯道内禁忌：严禁在弯道内换挡或猛踩刹车，这非常容易导致翻车或侧滑。
","大车右转：看到大车右转，千万别从它右边钻过去，因为它必须先往左甩一下头才能转过去。
",,"When are you allowed to drive a motor vehicle in public roads?
1) When you possess the vehicle registration licence.
2) When the vehicle does not meet the requirements of safe traffic.","什么时候你被允许在公共道路上驾驶机动车？
√   1) 当你拥有车辆登记证（行驶证）时。
2) 只有当车辆满足安全通行要求时（指车况良好）。",,"What should you do as a driver of a passenger car, when allowing children to get on and off the car?
1) Allow the children to choose from which side they will get on and off.
2) Allow the children to get on and off only from the side of the pavement.","作为轿车司机，在让儿童上下车时你应该做什么？
1) 允许儿童选择从哪一侧上下车。
√ 2) 只允许儿童从靠近人行道的那一侧上下车。",,"The traffic sign indicating an entry to a residential area means also that the speed limit is:
1) 50 km/h.
2) 60 km/h.","指示进入住宅区的交通标志同时也意味着限速为：
√ 1) 50 公里/小时。
2) 60 公里/小时。"
,,,"You are approaching at a speed of 40 km/h an intersection which has traffic lights. About 40 m before the STOP line the green traffic light changes to amber. What should you do?
1) Stop.
2) Continue your course.","你以 40 公里/小时的速度接近一个有红绿灯的路口。在距离停止线约 40 米处，绿灯变黄灯。你应该怎么办？
√ 1) 停车。
2) 继续行驶。",,,,,"You are moving in a acceleration lane. Can you enter the normal lane behind the black vehicle?
1) YES
2) ΝΟ","你在加速车道上。你能进入黑色车道后方的正常车道吗？
√ 1) 可以
2) 不可以",,"In which cases may a motor vehicle swerve laterally on a dry and straight road?
1) When hit by a strong air current while moving at a high speed.
2) When accelerating moderately.
3) When slowing down moderately.","在干燥平直的道路上，机动车在什么情况下可能会发生侧偏？
√ 1) 以高速行驶时受到强气流（侧风）冲击。
2) 中度加速时。
3) 中度减速时。",,"Which vehicle must wait for the other to pass?
1) Vehicle 1.
2) Vehicle 2.
3) None; the drivers must agree between themselves.","哪辆车必须等待另一辆车先行？
1) 车辆 1。
√ 2) 车辆 2。
3) 没有；司机必须互相协商。",,"Which vehicle must wait for the other to pass and why?
1) Vehicle 1, because it is going to turn left.
2) Vehicle 2, because vehicle 1 is coming from its right.
3) Vehicle 1, because vehicle 2 is moving in a road with a traffic island.","哪辆车必须等待另一辆车先行，为什么？
1) 车辆 1，因为它打算左转。
√ 2) 车辆 2，因为车辆 1 从它的右侧驶来。
3) 车辆 1，因为车辆 2 在带有安全岛（绿化带）的道路上行驶。",,"Which vehicles must wait for the other to pass?
1) Vehicles 1 and 3.
2) Vehicles 2 and 3.
3) Vehicles 1 and 4.","哪些车辆必须等待另一辆车通过？
1) 车辆 1 和 3。
√  2) 车辆 2 和 3。
3) 车辆 1 和 4。",,"Which vehicle must cross the intersection first and why?
1) Vehicle 1, because it is moving parallelly to the tram-lines.
2) Vehicle 2, because it is coming from the right of vehicle 1.
3) Vehicle 1, because vehicle 2 is going to turn left.","哪辆车必须最先通过，为什么？
1）车辆 1，因为它与电车轨道平行行驶。
√ 2) 车辆 2，因为它从车辆 1 的右侧驶来。
3) 车辆 1，因为车辆 2 打算左转。",,"交警 (Traffic Policeman)：最高权力，他让你闯红灯你也得闯。
","临时交通标志 (Temporary Signs)：比如道路施工的标志。
",,,,,"In a motorway or expressway the warning triangle must be placed behind the vehicle at a distance of at least:
1) 50 m.
2) 100 m.
","在高速公路或快速路上，警告三角牌必须放置在车后至少多远距离？
1) 50 米。
√ 2) 100 米。",,"车辆变更：改变颜色或可能损坏车架号的维修必须申报，但加装行李架或音响则不需要。
",,,"Is a bulky object not allowed to jut out backwards more than 30% of the vehicle’s length without a special permit?
1) YES
2) NO","如果没有特殊许可，大宗物品是否不允许向后伸出超过车身长度的 30%？
√ 1) 是的（YES）。
2) 不是（NO）。",,"Can you turn left in this case?
1) YES
2) NO","在这种情况下你可以左转吗？
1) 可以
√ 2) 不可以（通常指有实线或特定方向箭头限制时）。",,,,,"In case of fog:
1) Switch on the dipped headlights and fog lights.
2) Switch on the side lights only.","在大雾情况下：
√ 1) 开启近光灯和雾灯。
2) 仅开启侧灯（示宽灯）。",,"后排安全带：在希腊，不系后排安全带是违法的，且物理上会对前排乘客造成致命撞击。
",,,"What are the consequences of a significant reduction of the recommended tyre pressure?
1) Environmental pollution is reduced.
2) Fuel consumption and emission of harmful substances are increased.
3) Safer driving.","显著降低推荐轮胎气压的后果是什么？
1) 减少环境污染。
√ 2) 增加油耗和有害物质排放。
3) 驾驶更安全。",,"In which cases may a strong side wind become very dangerous?
1) When overtaking trains.
2) When passing through tunnels.
3) When passing through a dense forest.","在什么情况下强劲的侧风会变得非常危险？
√ 1) 超越火车（或长车）时。
2) 通过隧道时。
3) 穿过茂密的森林时。",,,,,"What does this traffic sign mean?
1) No entry to pedestrians.
2) Danger due to the passage of pedestrians.
3) Road only for pedestrians.","这个交通标志（行人图案）是什么意思？
√ 1) 禁止行人进入。
2) 因行人经过产生的危险。
3) 仅限行人使用的道路。",,,,,,,,,,,"What does this traffic sign mean?
1) Traffic of bicycles has priority.
2) Approaching a bicycle race-track.
3) Danger due to the frequent entry or passage of bicyclists.","这个交通标志是什么意思？
1) 自行车通行有优先权。
2) 接近自行车赛道。
√ 3) 因自行车频繁进入或经过而产生的危险。",,"What does this traffic sign mean?
1) Police.
2) Tourist Information.
3) Customs Office.","这个交通标志是什么意思？
√  1) 警察。
2) 旅游咨询处（Tourist Information）。
3) 海关。",,,,,,,,,,,"What does this traffic sign mean?
1) Route only for buses and trolley-buses.
2) Approaching a bus or trolley-bus stop.
3) Route for all vehicles except for buses and trolley-buses.","这个交通标志（蓝色圆圈内有公交车和无轨电车图案）是什么意思？
√ 1) 仅限公交车和无轨电车行驶的路线。
2) 接近公交车或无轨电车站。
3) 除公交车和无轨电车外，所有车辆均可通行的路线。",,"You are parking your vehicle on the side of a road with the rear part on an uphill. You must apply the handbrake and:
1) Select the reverse gear.
2) Select the neutral gear.
3) Select the first gear.","你将车停在路边，车尾朝向上坡（即车头朝下坡）。你必须拉紧手刹并：
√ 1) 挂入倒挡（Reverse）。
2) 挂入空挡。
3) 挂入一挡。",,"距离辅助牌：
标志下写 200m：代表 200 米之后是弯道。
标志下写 ↑ 200m ↑：代表弯道长度是 200 米。",,,"What is the cause of the blue smoke that comes from the exhaust pipe of a petrol-engined car?
1) Engine cooling system does not function properly.
2) A failure of the electrical system.
3) The combustion of engine lubrication oil.","汽油车排气管冒蓝烟的原因是什么？
1) 发动机冷却系统功能不正常。
2) 电气系统故障。
√ 3) 发动机润滑油（机油）进入气缸燃烧。",,"People are waiting at a pedestrian crossing without having the obvious intention to cross it. You:
1) Must slow down and, if necessary, stop.
2) Must sound the horn.
3) Must stop.","人们在人行横道前等待，但没有明显的过街意图。你：
√ 1) 必须减速，必要时停车。
2) 必须鸣笛。
3) 必须停车。",,"In this case:
1) You should sound the horn.
2) Slow down and do not overtake.
3) Switch on the hazard lights.","在这种情况下（前方有潜在风险）：
1) 你应该鸣笛。
√ 2) 减速且不要超车。
3) 开启双闪灯。"
,,,"What should you be very careful about as a driver of a passenger car with a fully loaded trailer which does not have its own brakes?
1) The braking distance will be longer.
2) The stopping distance will be shorter.
3) The acceleration ability will increase.","作为一名驾驶带全载拖车（拖车无独立刹车）轿车的司机，你最该注意什么？
√ 1) 刹车距离会变长。
2) 停车距离会变短。
3) 加速能力会增加。",,,,,"When on the motorway the traffic is heavy and in lines:
1) You should remain in your line and switch on the hazard lights during a sudden slow-down.
2) You can overtake changing line.","当高速公路上交通拥堵并排队时：
√ 1) 你应留在自己的车道内，在突然减速时开启双闪灯。
2) 你可以通过变换车道进行超车。",,"Can you find the same indications on traffic signs showing directions and on road maps?
1) YES
2) NO","在指示方向的交通标志和公路地图上能找到相同的指示信息吗？
√ 1) 是的。
2) 不能。",,"Which vehicle(s) must wait?
1) Vehicle 3 must wait until vehicles 1 and 2 pass.
2) Vehicles 1 and 2 must wait until vehicle 3 passes.
3) Vehicles 2 and 3 must wait until vehicle 1 passes.","哪辆车必须等待？
√ 1) 车辆 3 必须等待车辆 1 和 2 通过。
2) 车辆 1 和 2 必须等待车辆 3 通过。
3) 车辆 2 和 3 必须等待车辆 1 通过。",,"Which of the vehicles must cross the intersection last?
1) Vehicle 1.
2) Vehicle 2.
3) Vehicle 3.","哪辆车必须最后穿过路口？
√ 1) 车辆 1。
2) 车辆 2。
3) 车辆 3。",,"Which of the vehicles must wait?
1) Vehicle 1.
2) Vehicles 2 and 3.
3) Vehicles 1 and 3.","哪辆（些）车辆必须等待？
1) 车辆 1。
√  2) 车辆 2 和 3。
3) 车辆 1 和 3。",,"At a level railway crossing where the red light flashes and the mobile barrier has not been lowered yet, what should you do?
1) Continue your course as long as the barrier is still open.
2) Wait in front of the warning traffic sign.
3) Pass the railway crossing as long as no train appears to be coming.","在红灯闪烁但移动栏杆尚未下降的铁路平交道口，你应该怎么办？
1) 只要栏杆还开着就继续行驶。
√ 2) 在警告交通标志前等待。
3) 只要没看到火车开过来就穿过道口。",,"垂直标志 (Vertical Signs)：如 STOP 标志、让行标志、优先权道路标志。
","路面标线 (Horizontal Markings)：如停止线、黄色网格线。
",,,,,,,,,,,,,,"In this case, the two vehicles that wait will turn left having each other on their right:
1) YES
2) NO","在这种情况下，两辆等待转弯的车辆在左转时会保持对方在自己的右侧（即各自在中心点前转弯）：
√ 1) 是的（希腊标准转法：左转车辆互不绕行）。
2) 不是。",,,,,"In order to have a better visibility in case of fog, you can:
1) Activate the anti-misty mechanisms and windscreen wipers on their slow mode.
2) Switch off the ventilation system.","为了在大雾天获得更好的视野，你可以：
√ 1) 启动除雾机制并将雨刮器调至慢速模式。
2) 关闭通风系统。",,,,,"Where should you put, if possible, your luggage in order to save fuel?
1) On the luggage-grid.
2) In the luggage compartment.
3) In a luggage trailer.","为了省油，如果可能，行李应放在哪里？
1) 车顶行李架上。
√ 2) 行李厢（后备箱）内。
3) 行李拖车里。",,"Which behavioural mistake leads, when overtaking in an expressway without a traffic island, to serious accidents?
1) Driving at a small distance from the leading vehicle.
2) Underestimation of the speed of the leading vehicles and of those coming from the opposite direction.","在没有中央隔离带的快速路上超车时，哪种行为错误会导致严重事故？
1) 与前车保持较小距离。
√ 2) 低估前车速度以及对向来车的速度。",,,,,"What does this traffic sign mean?
1) Agricultural machines have priority.
2) No entry to agricultural machines.
3) Road only for agricultural machines.","这个交通标志（农用机械/拖拉机图案）是什么意思？
1) 农用机械有优先权。
√ 2) 禁止农用机械进入。
3) 仅限农用机械使用的道路。",,,,,,,,,,,"Which traffic sign indicates a danger due to a level railway line without mobile barriers?
1) Traffic sign Α.
2) Traffic sign Β.
3) Traffic sign Γ.","哪个标志指示由于没有移动栏杆的铁路道口产生的危险？
1) 交通标志 Α。
2) 交通标志 Β。
√   3) 交通标志 Γ。",,"What does this traffic sign mean?
1) Mountainous road open or closed depending on the indications in frames 1, 2, 3 of the traffic sign.
2) Direction towards Katara.
3) Exit from the area of Katara.","这个交通标志（带有山路名称和数字）是什么意思？
√ 1) 山路根据标志中1、2、3框的指示开启或关闭。
2) 通往 Katara 的方向。
3) 离开 Katara 区域。",,,,,,,,,,,,,,"In a parking meter there is still parking time from the car that had parked earlier. What should you do if you wished to park there?
1) You are not allowed to use the remaining time.
2) You can use the remaining time without handling the clock anew.","停车计时器里还有前一辆车留下的剩余时间。如果你想停在那里应该怎么办？
1) 你不被允许使用剩余时间。
√ 2) 你可以使用剩余时间，无需重新操作计时器。",,,,,"When the starter motor does not work, which of the following is the possible cause?
1) The belt has broken.
2) There is a power-cut between the battery and starter motor.
3) The multiplier does not work.","当起动机不工作时，以下哪项是可能的原因？
1) 皮带断裂。
√ 2) 蓄电池与起动机之间断电。
3) 分电器不工作。",,"When should you switch on the hazard lights as a driver of a passenger car?
1) When the vehicle is parking in a double row.
2) When the vehicle stays in a position where it cannot be recognised as an immovable obstacle in good time.","作为轿车司机，什么时候应该开启双闪灯？
1) 当车辆并排停放（二排停车）时。
√ 2) 当车辆停在一个无法被及时识别为静止障碍物的位置时。",,"You are moving in the left lane whereas in the right lane there is a parked lorry. What should you be very careful about in this case and why?
1) Not exceeding the maximum permissible speed limit for this area.
2) You should slow down and watch out whether a pedestrian runs out suddenly in front of the parked lorry.","你在左侧车道移动，右侧车道停着一辆大货车。在这种情况下你应特别注意什么，为什么？
1) 不要超过该区域的最高限速。
√ 2) 你应该减速并留意是否有行人突然从停着的货车前方跑出来。"
,,,"You are driving in a country road at night having the dipped headlights on. At what distance should you be able to stop the latest?
1) Equal to the length of the beam of the dipped headlights.
2) Twice the length of the beam of the dipped headlights.","夜间在乡间道路行驶并开启近光灯。你最晚应该在多远距离内停住车？
√ 1) 等于近光灯照射的光束长度。
2) 两倍于近光灯照射的光束长度。",,,,,"Under normal traffic conditions, in order to use the left lane in a motorway, you should:
1) Attempt to overtake.
2) Move at a speed of at least 80 km/h.","在正常交通条件下，要在高速公路上使用左侧车道，你应该：
√ 1) 尝试超车。
2) 车速至少达到 80 公里/小时。",,"You should take breaks:
1) Every 500 km.
2) Every two hours.","你应该每隔多久休息一次？
1) 每 500 公里。
√ 2) 每两小时。",,"Which of the vehicles has the correct position in order to turn right immediately after the left bend?
1) Vehicle 1.
2) Vehicle 2.
3) Vehicle 3.","哪辆车的位置在左转弯后立即右转是正确的？
1) 车辆 1。
√ 2) 车辆 2。
3) 车辆 3。",,"Which vehicle must cross the intersection last?
1) Vehicle 1.
2) Vehicle 2.
3) Vehicle 3","哪辆车必须最后穿过路口？
√  1) 车辆 1。
2) 车辆 2。
3) 车辆 3。",,"Which vehicle must leave the intersection last?
1) Vehicle 1.
2) Vehicle 2.
3) Vehicle 3.","哪辆车必须最后离开路口？
1) 车辆 1。
2) 车辆 2。
√ 3) 车辆 3。",,"When are you allowed to pass a railway crossing with a flashing light which a train has just passed?
1) When the red flashing light goes off.
2) As soon as the train passes, even if the red flashing light is still on.
3) When the opposite traffic starts, even if the red flashing light is still on.","火车刚刚经过，红灯仍在闪烁，你什么时候被允许通过铁路道口？
√ 1) 当闪烁的红灯熄灭时。
2) 只要火车一过去，即使红灯还在闪烁。
3) 当对面车辆开始移动时，即使红灯还在闪烁。",,"一般优先权规则：即“右侧先行”原则。
","交警手势速记：
看到胸部（正面）或背部：就像看到红灯，必须停车 (STOP)。
看到侧身（肩膀面对你）：就像看到绿灯，可以通行 (PASS)。
单手高举：相当于黄灯，所有方向的车辆都必须停止（已经在路口内的尽快离开）。",,,,,"警告三角牌距离 (最爱考数字)：
住宅区 (Inside)：20米
郊区 (Outside)：50米
高速/快速路 (Motorway)：100米
","爆胎/摇晃：绝对不能急刹车！正确做法永远是“紧握方向盘”和“平稳/逐渐减速”。
",,,,,"坡道停车：上坡挂1挡，下坡挂倒挡 (Reverse)。这利用了发动机的阻力来防止溜车。
","下坡禁忌：绝对不能熄火或挂空挡滑行，因为这会导致转向助力和刹车助力失效，非常危险。
",,"In this picture you are driving in a motorway with three lanes per direction and you are moving at the maximum permissible speed limit:
1) You should give the right lane to the heavy vehicles.
2) You should overtake the lorry and return to the right lane.
3) You should move on the left lane so as to prevent some vehicles moving at a speed over the limit.","在此图中，你在每方向有三条车道的高速公路上行驶，且正以最高允许限速行驶：
1) 你应该把右侧车道让给重型车辆。
√ 2) 你应该超越货车后返回右侧车道。
3) 你应该在左侧车道行驶，以阻止其他超速车辆。",,,,,,,,,,,"Why must a broken exhaust pipe be repaired without delay?
1) Because parts of the exhaust pipe will fall on the road.
2) Because it creates a big noise which disturbs the others.","为什么破损的排气管必须立即修理？
1) 因为排气管零件会掉在路上。
√ 2) 因为会产生巨大的噪音干扰他人。",,"When are you allowed to start overtaking?
1) When no danger is created for the oncoming and following traffic.
2) When no danger is created for the following traffic.
3) When no danger is created for the oncoming traffic.","你什么时候可以开始超车？
√ 1) 当不会对对向及后方交通造成危险时。
2) 当不会对后方交通造成危险时。
3) 当不会对对向交通造成危险时。",,,,,"What does this traffic sign mean?
1) Passing without stopping at the Toll Station is forbidden.
2) No entry to the Toll Station.
3) Parking at the Toll gates is forbidden.","这个交通标志（写有“TOLL STOP”）是什么意思？
√ 1) 禁止不停车通过海关/收费站。
2) 禁止进入收费站。
3) 收费站口禁止停车。",,,,,,,,,,,"What does this traffic sign mean?
1) Two dangerous converse or successive bends, the first of which is left.
2) Two dangerous converse or successive bends, the first of which is right.
3) Left turn is forbidden.","这个交通标志是什么意思？
√ 1) 两个危险的反向或连续弯道，第一个是左弯。
2) 两个危险的反向或连续弯道，第一个是右弯。
3) 禁止左转。",,"What does this traffic sign mean?
1) Country Clinic.
2) Petrol Station.
3) Airport.","这个交通标志（加油机图案）是什么意思？
1) 乡村诊所。
√ 2) 加油站。
3) 机场。",,,,,,,,,,,"颜色含义：蓝底白字/白图的圆形标志代表“强制”。
","限速区别：
蓝底白字 30：最低限速 30 公里/小时（不能开得比这慢）。
带红斜杠：该强制性限制结束。",,"In a two-way street parking on its right and left side, parallelly to the street axis, is not forbidden. Where are you allowed to park?
1) On the right and left of your course.
2) Only on the right of your course.","在不禁止停车的双向街道上，车辆应平行于路轴停放。你允许停在何处？
1) 你行驶方向的右侧和左侧。
√ 2) 仅在你行驶方向的右侧。",,,,,"What is the main consequence of a fan operation failure?
1) Engine overheating.
2) Excessive engine noise.
3) Destruction of the water pump.","风扇（散热风扇）运行故障的主要后果是什么？
√ 1) 发动机过热。
2) 发动机噪音过大。
3) 水泵损坏。",,"Your vehicle has broken down in a country road. What should you be careful about during the towage?
1) Enter the motorway from the next entry, because in it you can drive at a steady speed.
2) During the towage switch on the hazard lights of both vehicles.","你的车在乡间道路抛锚了。拖车过程中应该注意什么？
1) 从下一个入口进入高速公路，因为可以保持恒速。
√ 2) 拖车期间，两辆车都必须开启双闪灯。",,,
,,,"You are driving and you must stop. At what distance must you stop the latest?
1) At the distance of visibility field.
2) Twice the distance of visibility field.","你在驾驶中必须停车。你最晚必须在多远距离内停住车？
√ 1) 在可见度视野距离内。
2) 在两倍可见度视野距离内。",,,,,"In every journey the driver must take rest breaks at a place of permissible parking every:
1) Six hours.
2) Four hours.
3) Two hours.","在每一次旅程中，驾驶员必须在允许停车的地方休息，频率为每：
1) 六小时。
2) 四小时。
√ 3) 两小时。",,"The traffic sign E-92 on a green background means?
1) Exit at an angle of 92°.
2) International artery 92.
3) Highway 92.","绿色背景上的交通标志 E-92 是什么意思？
1) 以 92 度角出口。
√ 2) 国际干线 92 号（E-road）。
3) 92 号公路。",,"In which order of precedence are vehicles permitted to cross this intersection?
1) 1-2-3.
2) 2-3-1.
3) 3-1-2.","车辆允许穿过此路口的优先顺序是？
√ 1) 1-2-3。
2) 2-3-1.
3) 3-1-2。",,,,,"Which vehicle has priority and why?
1) None, because both are going to change direction.
2) Vehicle 2, because it is moving in a priority road.
3) Vehicle 1, because it is coming from the right of vehicle 2.","哪辆车拥有优先权，为什么？
1) 都没有，因为两辆车都要改变方向。
√ 2) 车辆 2，因为它在优先权道路（主路）上行驶。
3) 车辆 1，因为车辆 1 从车辆 2 的右侧驶来。",,,,,,,,,,,"车辆起火：绝对不能用水 (Water)，要用灭火器、沙子或泥土。
","野生动物：遇到动物不能开远光灯，动物会因为“强光致盲”定在原地或发疯乱撞，必须切近光灯 (Dipped headlights)。
",,,,,"安全检查：换道时除了看镜子，必须扭头 (Turn your head) 检查盲区。
","安全带：只要车动了，无论多慢，所有人（包括后排）都必须系安全带。
",,"Has the car stopped at a correct position and why?
1) No, because it has not stopped behind the special stop line at the pedestrian crossing.
2) Yes, because it has stopped at a point on the crossing so that the driver can check whether vehicles are coming from the right.","图中车辆是否停在正确位置，为什么？
√ 1) 不正确，因为它没有停在行人过街横道的专用停止线之后（压线或挡路了）。
2) 正确，因为它停在路口某点以便司机检查右侧是否有车。",,,,,"近光灯 (Dipped Headlights)：
住宅区内：夜间必须使用（如果有照明，严禁开远光）。
隧道内：无论昼夜都必须开启。
恶劣天气（雨/雪/雾）：白天也必须开启。","远光灯 (Full Beam)：
只能在住宅区外且没有照明的路上使用。
必须切换回近光的情况：遇到对向来车或跟在别人车后（以免晃到别人的后视镜）。
雾天限速：能见度如果只有 40-50 米，最高车速不能超过 50 km/h。",,,,,"Do you know that if a vehicle is in a good condition, properly maintained and driven prudently (economical driving), it consumes less energy and emits a smaller quantity of fuel to the atmosphere?
1) NO
2) YES
3) It depends on the car.","你知道如果车辆状况良好、维护得当且谨慎驾驶（经济驾驶），它会消耗更少的能量并减少排放吗？
1) 不知道。
√ 2) 知道（是的）。
3) 取决于汽车。",,"In this case:
1) You can start overtaking.
2) You have to wait to overtake after the bend.","在这种情况下（弯道前）：
√  1) 你可以开始超车。
2) 你必须等到过弯后再超车。",,,,,"What does this traffic sign mean?
1) Parking is forbidden.
2) Waiting and parking are forbidden.
3) Area of limited time parking.","这个交通标志（红色圆圈内有蓝色底和红色叉号）是什么意思？
1) 禁止停车（Parking）。
2) 禁止停放和临时停车（Waiting and parking，即禁停禁放）。
√  3) 限时停车区。",,,,,,,,,,,"What should you do if you saw this traffic sign?
1) Speed up.
2) Change into a lower gear.
3) Brake.","如果你看到这个交通标志，你应该怎么办？
1) 加速。
√ 2) 换入低档位。
3) 刹车。",,"What is the maximum speed outside a residential area determined by this traffic sign?
1) 50 km/h.
2) 90 km/h.
3) 120 km/h.","此交通标志确定的住宅区以外的最高限速是多少？
1) 50 公里/小时。
√ 2) 90 公里/小时（普通公路标准限速）。
3) 120 公里/小时。",,,,,,,,,,,"箭头方向：
水平指向：表示在路口必须转弯的方向。
斜向下指向：表示你必须从障碍物（如安全岛、护栏）的哪一侧绕过去。","防滑链：在希腊法律中，一旦看到防滑链强制标志，必须在驱动轮 (Driving wheels) 上安装。
",,"What is the minimum distance you should keep when parking or stopping before a pedestrian crossing?
1) 1 m.
2) 5 m.
3) 12 m.","在行人过街横道前停车或临时停车，应保持的最小距离是多少？
1) 1 米。
√ 2) 5 米。
3) 12 米。",,,,,"On which wheels of the car should you preferably fit new tyres?
1) Two front wheels.
2) Two rear wheels.
3) One front wheel and one rear wheel diagonally.","你应该优先将新轮胎安装在汽车的哪些轮子上？
√   1) 两个前轮。
2) 两个后轮。
3) 一个前轮和一个后轮对角安装。",,"A drove of animals is passing ahead of your vehicle. What should you have in mind?
1) Other individual animals may follow the drove.
2) Other individual animals should be disregarded.","一群动物正在你车前经过。你应该考虑到什么？
√ 1) 可能还有其他落单的动物跟随群体。
2) 不必理会其他落单的动物。",,"50 km/h：住宅区（城镇内）的标准限速。看到城市地名标志（白底蓝框或蓝底白字）即生效。
","90 km/h：普通郊区道路/国道的标准限速。
"
,,,"Reaction time varies according to:
1) External conditions (fog, etc.).
2) Condition of your vehicle.
3) Your physical state (fatigue, drunkenness, stress, irritation).","反应时间随以下因素变化：
1) 外部条件（雾等）。
2) 你的车辆状况。
√ 3) 你的生理状态（疲劳、醉酒、压力、烦躁）。",,,,,"The wind is:
1) Strong.
2) Moderate.
3) Light.","风力情况是：
1) 强风。
2) 中风。
√ 3) 微风。",,"You intend to move straight, but the white car has stopped at a bad point waiting to cross the road and has blocked a part of your lane. What should you do?
1) You should stop and give way to the white vehicle so as that it clears the road.
2) You should speed up and pass between the white car and the pavement.","你打算直行，但一辆白色轿车停在一个糟糕位置等待横穿马路，挡住了你的部分车道。你应该怎么办？
√ 1) 你应停车让白色车辆先行，以便它清理道路。
2) 你应加速从白色车辆和人行道之间穿过。",,,,,"路宽度不代表优先权：在希腊理论考试中，除非有标志，否则“路更宽”、“是主干道”这些选项统统是干扰项，右侧先行才是最高准则。
","特殊交通工具：火车和有轨电车 (Tram) 在路口拥有绝对优先权，哪怕它们从你左边来。
",,"Which vehicle has priority and why?
1) Vehicle 1, because it is moving in a priority road.
2) Vehicle 2, because it is coming from the right of vehicle 1.
3) Vehicle 2, because it maintains its course.","哪辆车拥有优先权，为什么？
√ 1) 车辆 1，因为它在优先权道路（主路）上行驶。
2) 车辆 2，因为车辆 2 从车辆 1 的右侧驶来。
3) 车辆 2，因为车辆 2 保持原路线行驶。",,"信号灯 vs 标志：只要信号灯在亮（绿灯），它就大过路口的 STOP 标志或让行标志。你可以直接走。
","闪烁黄灯：如果路口灯在闪黄灯，说明灯“下班了”，这时必须看路口的标志（谁在主路谁先走）。
",,,,,,,,"铁轨故障：命最重要，先让乘客下车逃命，再想办法移车。
",,,,,,"驾驶姿势：手腕能搭在方向盘顶端，说明你离方向盘的距离最合适，既能灵活转向，万一气囊弹出也能起到保护作用。
",,,,,,,,,"眩目处理：如果对向车晃你，不要对晃。正确的做法是：减速并将视线移向道路右侧边缘（利用白线导航），避免直视强光。
","车窗积冰：出于安全考虑，必须清理所有 (All) 窗户，不只是前挡。
",,,,,"Why should you avoid the aimless abrupt and hard start?
1) Because thus the seat belt is overstrained.
2) Because thus fuel consumption and air pollution is increased.","为什么应避免无目的的突然猛烈起步？
1) 因为会让安全带负荷过重。
√ 2) 因为这样会增加油耗和空气污染。",,"In this case, if reversing is necessary:
1) The passenger car should reverse.
2) The heavy vehicle should reverse.","在这种情况下（窄路相遇），如果需要倒车：
√ 1) 轿车（客车）应该倒车（让重型车）。
2) 重型车辆应该倒车。",,,,,"What does this traffic sign mean?
1) No entry to lorries.
2) No entry to all motor vehicles.
3) Route only for lorries.","这个交通标志（货车图案）是什么意思？
√ 1) 禁止货车进入。
2) 禁止所有机动车进入。
3) 仅限货车的路线。",,,,,,,,,,,"What should you do if you saw this traffic sign?
1) Avoid harsh braking.
2) Move on the left part of the road.
3) Increase the speed of your car.","如果你看到这个交通标志，你应该怎么办？
√ 1) 避免突然刹车。
2) 在道路左侧移动。
3) 增加车速。",,"What does this traffic sign mean?
1) Seaport.
2) Port station of commercial car ferries.
3) Naval yard.","这个交通标志是什么意思？
1) 海港。
√ 2) 商业汽车渡轮港口站。
3) 海军造船厂。",,,,,,,,,,,"手势信号：这是基础考点。如果灯坏了，左手平伸代表左转。
",,,"In which cases are you recommended to switch on the side lights at night?
1) When the car is parked outside a residential area.
2) When you are driving in roads which have continuous and sufficient lighting.","在哪些情况下建议你在夜间开启侧灯（示宽灯）？
√ 1) 当车辆停在住宅区（城镇）以外的道路上时。
2) 当你在光照连续且充分的道路上行驶时。",,,,,"What is the main consequence of the loosening of the cooling water pump belt?
1) Engine overheating.
2) Excessive engine noise.
3) Destruction of the water pump.","冷却水泵皮带松动的主要后果是什么？
√ 1) 发动机过热。
2) 发动机噪音过大。
3) 水泵损坏。",,"In a country road where it is raining and it is dark, vehicles are coming from the opposite direction having their dipped headlights on. What should you have in mind?
1) That if you switch on the full beam headlights you may avoid a possible dazzle.
2) That if the windscreen is wet you may be dazzled.","在下雨且天黑的乡间道路上，对向车辆开启了近光灯。你应该考虑到什么？
1) 如果你开启远光灯，可以避免被眩目。
√ 2) 如果挡风玻璃是湿的，你更容易被眩目。",,"110 km/h：快速路（Expressway，蓝色标志）的标准限速。
","130 km/h：高速公路（Motorway，绿色标志）的标准限速。
"
,,,"Reaction time varies according to:
1) External conditions (fog, etc.).
2) Condition of your vehicle.
3) Your age.","反应时间随以下因素变化：
1) 外部条件（雾等）。
2) 你的车辆状况。
√ 3) 你的年龄。",,,,,"In the motorway the speed of the passenger cars is restricted to:
1) 150 km/h under sunlight.
2) 130 km/h under proper weather conditions.
3) 110 km/h in a pelting rain.","在高速公路上，小客车的限速为：
1) 阳光充足时 150 公里/小时。
√ 2) 天气条件良好时 130 公里/小时。
3) 暴雨时 110 公里/小时。",,"The driver of the red passenger car has switched on the left indicator, because they intend to move to the left lane in which another car is preceding. What should they do?
1) Speed up and, after overtaking the leading car on the right, pull in the left lane.
2) Slow down, check behind them whether the left lane is clear and enter it following the leading car.","红色轿车的司机开启了左转向灯，打算进入有另一辆车行驶的左侧车道。他们应该怎么办？
1) 加速，从右侧超过前车后切入左侧车道。
√ 2) 减速，检查后方左侧车道是否通畅，跟在前车后面进入。",,"右侧先行原则 (Priority from the Right)：在希腊，如果路口没有红绿灯也没有“掉头”、“让行”或“停车”标志，右侧来车永远优先。
","环岛特殊规则：这是很多外国司机的“坑”。在希腊，如果环岛路口没有任何标志，进入环岛的车（从右边来）比环岛内的车优先。但现实中大部分环岛都有让行标志。
",,"高速/快速路：进入高速公路的车辆永远没有优先权，必须给主线车辆让行。
","防御性驾驶：即便你有优先权，如果看到别人飞速开过来，正确答案通常是“准备停车”，而不是硬冲。
",,"Which vehicle must wait for the other to pass and why?
1) The agricultural tractor, because it is going to leave a priority road.
2) The agricultural tractor, because it is a slow-moving vehicle and must not hinder the movement of a passenger vehicle.
3) The passenger vehicle, because the agricultural tractor is moving in a priority road.","哪辆车必须等待另一辆车先行，为什么？
1) 农用拖拉机，因为它准备离开优先权道路。
2) 农用拖拉机，因为它车速慢，不得阻碍客车行驶。
√ 3) 客车（轿车），因为农用拖拉机在优先权道路上行驶。",,"铁路道口：
看到闪红灯必须停，不管栏杆下没下来。
火车过去后，必须等红灯灭了才能走。
如果有堵车风险，绝对不能开上铁轨，要停在道口标志前。","电车 (Tram)：在希腊，电车在很多情况下（尤其是同等优先权时）比汽车优先。
",,,,,,,,,,,,,,,,,"靠右原则：无论路有多空、你的速度多快，右侧车道 (Right lane) 才是你应该待的地方。左边车道只用来超车。
","实线不可跨：白色连续实线（Continuous line）在希腊法律里就像一道墙，绝对不能压，更不能跨。
",,,,,,,,,,,"In case of non-replacement of a damaged (worn) catalytic converter of a petrol-engined car, what happens?
1) Nothing.
2) Engine power is significantly increased.
3) Increased pollutants are emitted by the car.","如果不更换汽油车已损坏（磨损）的催化转换器，会发生什么？
1) 没什么。
2) 发动机功率大幅增加。
√ 3) 车辆排放的污染物增加。",,"In this case, if reversing is necessary:
1) The lorry should reverse.
2) The car that tows the caravan should reverse.","在这种情况下（窄路相遇），如果需要倒车：
√ 1) 货车应该倒车（让拖挂车）。
2) 拖着旅居挂车的车应该倒车。",,,,,"What does this traffic sign mean?
1) Parking of motor vehicles and animal-drawn vehicles is forbidden.
2) No entry to motor vehicles and animal-drawn vehicles.
3) No entry to passenger cars, animal-drawn vehicles and motorcycles.","这个交通标志（轿车和畜力车图案）是什么意思？
1) 禁止机动车和畜力车停放。
√ 2) 禁止机动车和畜力车进入。
3) 禁止客车、畜力车和摩托车进入。",,,,,,,,,,,"You are moving in a motorway in front of a worksite and you meet this traffic sign. What should you expect?
1) Transfer of your direction to a two-way street.
2) Dazzle due to the opposite direction in the night-time.
3) Priority of the opposite direction.","你在高速公路上工地前遇到这个标志。你应该预期什么？
√ 1) 你的方向变为双向通行。
2) 夜间因对向来车而产生眩光。
3) 对向车流有优先权。",,"What does this traffic sign mean?
1) Hotel or Motel.
2) First Aid.
3) Hospital.","这个交通标志（床图案）是什么意思？
√ 1) 酒店或汽车旅馆。
2) 急救。
3) 医院。",,,,,,,,,,,,,,"If you wish to stop here for a few minutes, are you allowed to do it?
1) YES
2) NO","如果你想在这里临时停几分钟，被允许吗？
1) 可以
√ 2) 不可以（通常指有禁停标志或黄色实线时）",,,,,"In case of jamming of the starter motor (ignition), how can this damage be repaired?
1) By dismantling it.
2) By selecting a high gear (3rd or 4th) and causing the vehicle to move (push) back and forth.
3) By changing the battery.","如果起动机卡死，该如何修复？
1) 拆卸它。
√ 2) 挂入高档位（3档或4档）并前后推行车辆。
3) 更换蓄电池。",,"Which factors may create dangers for road traffic?
1) Very highly adjusted main beam headlights.
2) Damaged bonnet of a car.","哪些因素可能对道路交通产生危险？
√ 1) 调整过高的远光灯。
2) 汽车引擎盖损坏。",,"N牌 (New Driver)：必须张贴满 1 年，且适用于所有道路。
","突然减速：
在一般道路：点刹（闪烁刹车灯）。
在高速/快速路：开启双闪灯（Hazard lights）。"
,,,"How many times longer will braking distance become under the same circumstances, if you double speed?
1) 4 times.
2) Twice.
3) 6 times.","如果在相同情况下将车速提高一倍（两倍），刹车距离（Braking distance）会变为原来的多少倍？
√ 1) 4 倍。
2) 2 倍。
3) 6 倍。",,,,,"In a motorway, you can park:
1) In the emergency lane.
2) In suitable formed spaces.
3) In the sides (haunches).","在高速公路上，你可以停在：
1) 应急车道内。
√ 2) 合适的指定停车区域内。
3) 道路侧边。",,"You are moving in the middle lane in the road of the picture and you intend to turn left at the next crossroads. What should you do?
1) Speed up, overtaking the red car inform its driver of your intention, and turn left.
2) Inform the drivers that follow of your intention, check the traffic in the left lane and pull in gradually behind the red car.","你行驶在图中道路中间车道，打算在下个路口左转。你应该怎么办？
1) 加速超过红车，告知司机你的意图后左转。
√ 2) 告知后方司机你的意图，检查左侧车道交通情况，逐渐切入红车后方。",,"黄色网格线：绝对不能停在里面。如果前面堵车，你即便绿灯也得在网格线外等着。
","左转观察顺序：后 -> 左 -> 右。
",,,,,"Which vehicle is allowed to cross the intersection first?
1) Vehicle 1.
2) Vehicle 2.
3) Vehicle 3.","哪辆车允许最先穿过路口？
√ 1) 车辆 1。
2) 车辆 2。
3) 车辆 3。",,,,,,,,,,,,,,,,,,,,"选错道怎么办？：在路口如果你进错了左转道却想直行或右转，必须错就错着开（必须左转），不能原地倒车或强行变道。
","黄色网格线/停止线：千万不能停在人行横道上，也不能在红灯时压过停止线。
",,,,,,,,,,,,,,"The bus is immobilised at the stop. You decide to overtake it, because the left lane is clear. What should you be careful about during overtaking?
1) Lest pedestrians cross the road carelessly, passing in front of the bus.
2) Lest the bus moves off.
3) Lest the bus moves off or pedestrians cross the road carelessly passing in front of the bus","公交车停在站点。你决定超越它，因为左侧车道空闲。超车时你应该注意什么？
1) 防止行人从公交车前方不小心横穿马路。
2) 防止公交车起步。
√ 3) 防止公交车起步或行人从公交车前方不小心横穿马路。",,,,,"What does this traffic sign mean?
1) Road closed to all vehicles from both directions.
2) No entry to all vehicles.
3) Stop.","这个交通标志（红圈白杠）是什么意思？
1) 道路双向禁止所有车辆通行。
√ 2) 禁止车辆驶入（单行道出口）。
3) 停止。",,,,,,,,,,,"What does this traffic sign mean?
1) Dangerous haunches on both sides.
2) Dangerous narrowness from both sides.
3) You must move only in the middle of the road.","这个交通标志是什么意思？
1) 两侧有危险路肩。
√ 2) 两侧道路危险变窄。
3) 你必须仅在路中间移动。",,"Which vehicles are allowed to use the right lane?
1) Buses or trolley-buses.
2) All vehicles.
3) Taxis and buses or trolley-buses.","哪些车辆被允许使用右侧车道（带公交图标）？
√  1) 仅限公交车或无轨电车。
2) 所有车辆。
3) 出租车、公交车或无轨电车。",,,,,,,,,,,,,,"No traffic sign is prohibiting you from parking. Can you park thus?
1) YES
2) NO","没有标志禁止你停车。你可以像图中这样停车吗（例如离路口太近或停在路中间）？
1) 可以
√ 2) 不可以",,,,,"How will you realize that your exhaust pipe needs to be replaced?
1) From the excessive fuel consumption.
2) From the excessive noise.
3) From the colour of the exhaust gases.","你如何发现排气管需要更换？
1) 通过油耗过高。
√ 2) 通过噪音过大。
3) 通过废气的颜色。",,"Which users of the road network should you be careful of?
1) Invalids, children and pedestrians who need help.
2) Large vehicles.
3) Other passenger vehicles that tow trailers.","你应该小心哪些道路使用者？
√ 1) 残障人士、儿童和需要帮助的行人。
2) 大型车辆。
3) 拖着挂车的其他轿车。",,"速度适应 (Speed Adaptation)：高速开久了人会变迟钝，觉得 100km/h 像 60km/h 一样慢，这叫“对速度的感觉减弱”，是离开高速时发生事故的主因。
",
,,,,,,,,,"In a motorway during overtaking:
1) You can continue moving in your lane so as to overtake many vehicles simultaneously.
2) You can exceed the speed limit.
3) You ignore what happens behind your vehicle if you are driving at 130 km/h.","在高速公路上超车时：
√ 1) 你可以继续在你的车道行驶，以便同时超过多辆车。
2) 你可以超过限速。
3) 如果你开到 130 公里/小时，可以无视车后的情况。",,"What should you do in this case?
1) Move up to the STOP line, stop and, after making sure that no other vehicles are coming vertically to you, to which you must give priority, go on.
2) Move up to the STOP traffic sign, stop there and give priority to the vehicles that are coming vertically to you. When no other vehicles are coming, cross the intersection.","在这种情况下（看到STOP标志）你应该怎么办？
√ 1) 驶向停止线，停车，确保垂直方向没有车辆驶来（你必须给他们让行）后再继续。
2) 驶向STOP标志牌处，在那停车并给垂直方向驶来的车让行。当没有车时穿过路口。",,"不要轻信信号灯：即便对方开了转向灯，也要等他实际做出转弯动作再起步。
",,,,,,"Which vehicle must cross the intersection last?
1) Vehicle 1.
2) Vehicle 2.
3) Vehicle 3.","哪辆车必须最后穿过路口？
1) 车辆 1。
2) 车辆 2。
√ 3) 车辆 3。",,,,,,,,,,,,,,,,,,,,"高速拖挂车：如果你拖着挂车，在三车道的高速上，最左侧车道是禁区。
",,,,,,,,,,,,"催化转换器数字：记住 90% 减少量。
","黑烟 = 费油：排气管冒黑烟（Black smoke）代表发动机调整错误，非常费油。
",,"Your car has a good acceleration, however, in a few metres you notice a continuous line between the directions:
1) You can overtake.
2) You must not overtake.","你的车加速性能很好，但几米后你注意到车道间出现了实线：
1) 你可以超车。
√ 2) 你绝不能超车。",,,,,"Which vehicles are forbidden to enter a street with this traffic sign?
1) Vehicles with a total height of over 3.5 m.
2) Vehicles with a total length of over 3.5 m.
3) Vehicles with a total length of up to 3.5 m.","带此标志（写有 3.5m）的街道禁止哪些车辆进入？
√ 1) 总高度超过 3.5 米的车辆。
2) 总长度超过 3.5 米的车辆。
3) 总长度不超过 3.5 米的车辆。",,,,,,,,,,,"What does this traffic sign mean?
1) Danger due to road works in progress.
2) Worksite exit.
3) Closed road due to landslide.","这个交通标志是什么意思？
√ 1) 前方有正在进行的道路施工。
2) 工地出口。
3) 因山体滑坡而关闭的道路。",,"Which lane should you choose so as to turn left?
1) (Β).
2) (Γ).
3) (Α).","你应该选择哪条车道左转？
1) (Β)。
2) (Γ)
√  3) (Α)。",,,,,,,,,,,,,,"When you leave your car along the pavement, the time needed for loading or unloading your luggage is:
1) A waiting time.
2) A parking time.","当你沿着人行道停车，装卸行李所需的时间算作：
√ 1) 临时停车时间（Waiting）。
2) 泊车时间（Parking）。",,,,,"What is the multiplier?
1) A device which converts the voltage of current from high to low.
2) A device which distributes high voltage current to the sparking plugs.
3) A device which extinguishes pests.","什么是点火线圈（Multiplier/Ignition Coil）？
√ 1) 将低压电流转换为高压电的装置。
2) 将高压电分配给火花塞的装置。
3) 灭虫装置。",,"What does defensive driving mean?
1) Always insisting on your right.
2) Stopping at every crossroads.
3) Being careful of others’ possible mistakes.","防御性驾驶（Defensive driving）意味着什么？
1) 总是坚持你的优先权。
2) 在每个路口都停车。
√ 3) 留意他人可能犯的错误。",,,
,,,反应距离计算：通常是速度首位数乘以 3。比如 100km/h，反应距离就是 10×3=30 米；50km/h 就是 5×3=15 米。,经验法则 (Empirical Rule)：停车距离通常是速度首位数乘以自身。比如 50km/h，就是 5×5=25 米；90km/h，就是 9×9=81 米。,,,,,"Have you selected the suitable lane in order to follow the exit?
1) YES
2) NO","你是否选择了合适的车道以便从出口驶离？
1) 是的
√ 2) 不是",,"What is the aim of the mirror in the picture?
1) Timely ascertainment of the movement of vehicles in an oblique or vertical road where there is no visibility.
2) Indication of a crossroads where priority from the right applies.","图中凸面镜的作用是什么？
√ 1) 在视线不良的倾斜或垂直路口，及时确认车辆的移动情况。
2) 指示右侧车辆优先的路口。",,,,,,,,,,,,,,,,,,,,,,,,,,,,,,,,,,,,,,,,,"轮胎气压：**正确（Correct）**的气压最省油，气压低了会费油。
","行李位置：放在**后备箱（Luggage compartment）**最省油，放车顶架（Luggage-grid）最费油。
",,"In this case should you give way to an oncoming vehicle?
1) YES
2) NO","在这种情况下（路边有障碍物），你应该给对向来车让行吗？
1) 是的
√  2) 不需要",,,,,"What does this traffic sign mean?
1) No entry to motor vehicles except for two-wheeled motorcycles.
2) No entry to passenger cars.
3) Road only for passenger cars.","这个交通标志（轿车图案）是什么意思？
√   1) 除两轮摩托车外，禁止机动车进入。
2) 禁止客车/轿车进入。
3) 仅限客车行驶的道路。",,,,,,,,,,,"What does this traffic sign mean?
1) Branch with an oblique road where priority from the left applies.
2) Branch with an oblique road on the left, those moving on which must give priority.
3) Left turn is forbidden.","这个交通标志是什么意思？
1) 与斜交路口交汇，且适用左侧先行原则。
√ 2) 与左侧斜交支路交汇，支路上的车辆必须让你优先通行。
3) 禁止左转。",,"What does this traffic sign mean?
1) Restaurant.
2) Hotel or Motel.
3) Information.","这个交通标志（刀叉图案）是什么意思？
√ 1) 餐厅。
2) 酒店或汽车旅馆。
3) 信息咨询。",,,,,,,,,,,,,,"Waiting at this point is:
1) Acceptable if short.
2) Not recommended.
3) Dangerous.","在此处（如急弯或狭窄处）临时停车是：
1) 如果时间短是可以接受的。
2) 不建议。
√ 3) 危险的。",,,,,"What is the usefulness of the clutch?
1) Vehicle effective slow-down is achieved.
2) Engine noise is reduced.
3) It engages the engine with and disengages it from the other parts of the driving system.","离合器（Clutch）的用途是什么？
1) 实现车辆有效减速。
2) 降低发动机噪音。
√ 3) 使发动机与传动系统的其他部分接合或断开。",,"Why are drivers not permitted to drive very slowly without a serious reason?
1) Because traffic flow would be hindered without a serious reason.
2) Because the danger of a crash (from behind) would increase.","为什么不允许司机在没有重要原因的情况下开得非常慢？
√ 1) 因为会无故阻碍交通流。
2) 因为被追尾的风险会增加。",,,
,,,雨天安全距离：平时是 2 秒，雨天要翻倍，选 4 秒。,速度翻倍，距离翻四倍：这是物理规律，只要看到车速翻倍（Double Speed），刹车距离或停车距离通常都是选 4 倍（Quadruples）。,,,,,,,,"How should you drive in this case?
1) Carefully due to the danger from the frequent passage of children, and at a speed not lower than 30 km/h.
2) Carefully due to the danger from the frequent passage of children, and at a speed not higher than 30 km/h.","在这种情况下（有儿童经过标志）你应该如何驾驶？
1) 因儿童频繁经过，小心驾驶，车速不低于 30 公里/小时。
√ 2) 因儿童频繁经过，小心驾驶，车速不高于 30 公里/小时。",,,,,,,,"优先权标志 (菱形黄心标志)：看到这个标志，说明你在“主路”上，除非有警察或红绿灯，否则你在路口拥有优先权。
","倒三角标志 (Yield/让行)：看到它，你必须减速准备给左右两侧的车辆让行。不强制停死，但没车才能走。
",,,,,,,,,,,,,,,,,,,,,,,,,,,,,,,,"驾驶方式：**及时升档（Change into higher gear）**是省油的关键，每个档位用到头（Maximum revolutions）最费油。
",,,"A vehicle is coming from the opposite direction. Should it slow down in order to allow you to overtake?
1) YES
2) NO","一辆车从相反方向驶来。它应该减速以方便你超车吗？
1) 应该
√ 2) 不应该（超车者不能把安全寄托在别人减速上）",,,,,"Which vehicles are forbidden to enter a street by this traffic sign?
1) Vehicles that have a useful load of 2 tons.
2) Vehicles with a weight of over 2 tons per axle.
3) Vehicles with a total weight of up to 2 tons.","此标志（写有 2t 且有垂直箭头指向轮轴）禁止哪些车进入？
1) 有效载重为 2 吨的车辆。
√ 2) 每轴重量超过 2 吨的车辆。
3) 总重量不超过 2 吨的车辆。",,,,,,,,,,,"What does this traffic sign mean?
1) Students have priority.
2) Compulsory stop before the next crossing.
3) Danger due to the frequent movement of children (schools, sports fields, etc.).","这个交通标志是什么意思？
1) 学生拥有优先权。
2) 在下个路口前强制停车。
√ 3) 因儿童频繁出没而产生的危险。",,"What does this traffic sign mean?
1) Maximum speed limits per lane.
2) Minimum speed limits per lane.
3) Maximum speed of 100 km/h.","这个交通标志（多车道上方带不同限速标志）是什么意思？
√ 1) 每条车道的最高限速。
2) 每条车道的最低限速。
3) 最高限速 100 公里/小时。",,,,,,,,,,,,,,"Are you allowed to park along this pavement in the month of April?
1) YES
2) NO","在 4 月份（双数月），你被允许沿着这个人行道（有I杠禁停标志）停车吗？
√ 1) 可以
2) 不可以",,,,,"When may a battery suffer a damage?
1) When it has not been used for a long period.
2) When you use (fill in) the suitable fluid.
3) When the fluid covers completely the plates of the battery.","蓄电池在什么情况下会受损？
√ 1) 长期不使用时。
2) 使用合适的补充液时。
3) 液体完全覆盖电池极板时。",,"A two-wheeled moped which is moving at a low speed pulls in suddenly ahead of you in a road with heavy traffic:
1) You should sound the horn.
2) You should let it pass.
3) You should prevent it going ahead of you.","一辆低速行驶的两轮轻便摩托车在交通拥堵的道路上突然切入你前方：
1) 你应该鸣笛。
√ 2) 你应该让它通过。
3) 你应该阻止它进入你前方。",,,
,,,,,,,,,"休息时间：希腊官方推荐每 2小时 休息一次。
","速度错觉：离开高速时，你会觉得 60km/h 像 30km/h 一样慢，所以题目选 ""Slower than actually""。
",,,,,,,,,,,"STOP 标志：必须完全停死。即使路上一个鬼影都没有，你也必须在白色的停止线前停一下，观察后再走。
","闪烁黄灯：这在希腊夜晚很常见。它意味着红绿灯已停用，此时路口按交通标志（如主路标志、让行标志）来决定谁先走。如果没有标志，则按右侧先行。
",,,,,,,,,,,,,,,,,,,,,,,,,,,,,,,,,,,"You are completing an overtaking. In order to return to the right lane:
1) You should allow 5 seconds to pass.
2) You should wait until you see the vehicle you overtook in the mirror.","你正在完成超车。为了返回右侧车道：
1) 你应等待 5 秒钟通过。
√ 2) 你应等到在后视镜中看到被超车辆后再切回。",,,,,"To which vehicles does the safety distance of 70 m determined by this traffic sign apply?
1) All vehicles.
2) Only passenger vehicles.
3) Only passenger vehicles without a trailer.","标志中确定的 70 米安全距离适用于哪些车辆？
√ 1) 所有车辆。
2) 仅限客车。
3) 仅限不带挂车的客车。",,,,,,,,,,,"What should you do if you saw this traffic sign?
1) You should adjust the speed of the vehicle due to a dangerous narrowness on the right side of the road.
2) You should give way to all vehicles of the right lane.
3) You should adjust the speed of the vehicle due to a dangerous narrowness on the left side of the road.","如果你看到这个交通标志，你应该怎么办？
√ 1) 由于道路右侧危险变窄，你应该调整车速。
2) 你应该给右侧车道的所有车辆让行。
3) 由于道路左侧危险变窄，你应该调整车速。",,"What does this traffic sign mean?
1) Non-skid chains or snow tyres are recommended.
2) You are moving in a slippery road.","这个交通标志（轮胎带防滑链图案）是什么意思？
√ 1) 建议使用防滑链或雪地轮胎。
2) 你行驶在易滑道路上。",,,,,,,,,,,,,,"Waiting at this point is:
1) Acceptable if short.
2) Not recommended.
3) Dangerous.","在此处临时停车是：
1) 如果时间短是可以接受的。
2) 不建议。
√ 3) 危险的。",,,,,"In case a fuse has blown you should replace it:
1) With the same fuse which you short-circuit with a wire.
2) With a new fuse of the same intensity of current.
3) With a new fuse of higher intensity of current.","如果保险丝烧断了，你应该更换：
1) 用电线短接原保险丝。
√ 2) 更换一个电流强度（安培）相同的新保险丝。
3) 更换一个电流强度更高的新保险丝。",,"What should you have in mind when your vehicle is approaching children?
1) A very quick and correct reaction of the children in case of a danger.
2) An imprudent behaviour of the children.
3) Children’s behaviour which is in accordance with the Highway Code.","当你的车辆接近儿童时，你应该考虑到什么？
1) 儿童在危险情况下会有非常快速且正确的反应。
√ 2) 儿童可能会有不谨慎的行为。
3) 儿童的行为会符合交通法规。",,,
,,,,,,,,,"超车道：左侧车道只能用于超车，超完必须回右侧。
","减速车道：必须先进入减速车道再踩刹车减速，不能在主干道上急刹。
",,"指示牌颜色：在希腊，绿色是高速公路，蓝色是主要道路/城际道路。长途通常看这两色。
","500公里开多久？：虽然理论上 5 小时，但法律和考试强调疲劳驾驶，所以要选至少 5.5 小时（预留了休息时间）。
",,,,,,,,"农用机械/慢车：如果它在“主路”上，它的优先权和普通车是一样的，不能因为它慢就抢行。
",,,,,,,,,,,,,,,,,,,,,,,,,,,,,,,,,,,,"Vehicle 1 has its left indicator on in order to turn. Vehicle 2 has just overtaken on the right:
1) It had the right to do so.
2) It committed an offence.","1号车开了左转向灯准备转弯。2号车刚刚从右侧超越了它：
√ 1) 它有权这样做。
2) 它构成了违章。",,,,,"What does this traffic sign mean?
1) No route for lorries.
2) No route for tractive units.
3) No entry to vehicles carrying hazardous materials.","这个交通标志（带有橙色危险品标志的货车）是什么意思？
1) 货车禁行。
2) 牵引车禁行。
√ 3) 禁止携带危险材料的车辆进入。",,,,,,,,,,,"What should you do if you saw this traffic sign?
1) Continue your course concentrating your attention due to a possible fall of rocks on the road.
2) Move on the left part of the road in order to avoid the fall of rocks.
3) Speed up to move away from the dangerous area due to a possible fall of rocks.","如果你看到这个交通标志，你应该怎么办？
√ 1) 由于路上可能有落石，继续行驶并集中注意力。
2) 移到路左侧以避开落石。
3) 加速离开落石危险区域。",,"What does this traffic sign mean?
1) Restaurant.
2) Hotel or Motel.
3) Refreshment bar or Coffee-shop.","这个交通标志（带有杯子/碟子图案）是什么意思？
1) 餐厅。
2) 酒店或汽车旅馆。
√ 3) 茶点吧或咖啡店。",,,,,,,,,,,,,,"Waiting at this point is:
1) Acceptable, if short.
2) Dangerous.
3) Not recommended.","在此处临时停车是：
1) 如果时间短是可以接受的。
√ 2) 危险的。
3) 不建议。",,,,,"How can you check whether the automatic seat belts work?
1) By pulling them hard and abruptly.
2) By pressing hard the footbrake pedal after the car has developed a high speed.
3) The automatic seat belts do not need to be checked.","如何检查自动安全带是否正常工作？
√ 1) 用力且突然地拉动它。
2) 在车辆高速行驶后猛踩刹车。
3) 自动安全带不需要检查。",,"At what distance must you place the warning triangle, when a passenger vehicle is being abandoned in an expressway?
1) At a distance of at least 20 m.
2) At a distance of at least 100 m.
3) At a distance of at least 50 m.","当一辆轿车抛锚在快速路上时，警告三角牌必须放在至少多远的地方？
1) 至少 20 米。
√ 2) 至少 100 米。
3) 至少 50 米。",,,
,,,,,,,,,"限速：最高 130 km/h，没有 150 这个选项。
",错路处理：绝对不能倒车或掉头，必须开到 Next Exit。,,"货物伸出：记住 30% 原则。4 米的车，伸出 1.2 米是极限。
","侧滑纠正：这是一个经典考点。如果车尾向右摆，方向盘也要向右打（即“转向侧滑方向”），以回正车身。
",,,,,,,,,,,,,,,,,,,,,,,,,,,,,,,,,,,,,,,,,,,,"The visibility is excellent:
1) You can follow the vehicle ahead of you that is overtaking.
2) You must not follow the vehicle that is overtaking.","能见度极佳：
1) 你可以跟随前方正在超车的车辆一起超车。
√ 2) 你绝不能跟随正在超车的车辆一起超车（视线被挡）。",,,,,"What does this traffic sign mean?
1) Turn right ahead.
2) Right turn is forbidden.
3) Inversion (180° turn) is forbidden.","这个交通标志（带斜杠的右转箭头）是什么意思？
1) 前方右转。
√ 2) 禁止右转。
3) 禁止掉头。",,,,,,,,,,,"What does this traffic sign mean?
1) Branch with an oblique road where priority from the right applies.
2) Branch with an oblique right road, those moving on which must give priority.
3) Turn right ahead.","这个交通标志是什么意思：
1) 与斜交路口交汇，且适用右侧先行原则。
√ 2) 与右侧斜交支路交汇，支路上的车辆必须让你优先通行。
3) 前方右转。",,"What does this traffic sign mean?
1) Maximum speed limits per lane.
2) Minimum speed limits per lane.
3) Minimum speed of 60 km/h.","这个交通标志（多车道上方带蓝色圆形数字标志）是什么意思？
1) 每条车道的最高限速。
√ 2) 每条车道的最低限速。
3) 最低限速 60 公里/小时。",,,,,,,,,,,,,,"The parking of this vehicle is:
1) Allowed.
2) Forbidden.","这辆车的停放是：
1) 允许的。
√ 2) 禁止的。",,,,,"If you notice that a lamp of one of the lights of your vehicle does not switch on, you should first check:
1) The battery.
2) The lamp.
3) The generator or the alternator.","如果你发现车辆的一个灯不亮了，你应该首先检查：
1) 蓄电池。
√ 2) 灯泡。
3) 发电机或交流发电机。",,"Which vehicle must wait for the pedestrians to pass?
1) Vehicle 1.
2) Vehicle 2.
3) Both vehicles.","哪辆车必须等待行人通过？
1) 车辆 1。
2) 车辆 2。
√ 3) 两辆车。",,,
,,,,,,,,,"应急车道：只能用于故障或身体不适，不能停车拍照或休息。
",,,"儿童安全：12 岁以下只能坐后排并使用保护装置。
",低速限制：在学校或儿童出没区域，通常限速 30 km/h。,,,,,,,,,,,,,,,,,,,,,,,,,,,,,,,,,,,,,,,,,,,,"This vehicle is completing the overtaking of your vehicle:
1) You should maintain your speed, because the overtaking was illegal.
2) You should slow down slightly so as to help the other vehicle avoid the danger.","这辆车正在完成对你车辆的超车（对方违规或有危险时）：
1) 你应保持速度，因为对方超车是违法的。
√ 2) 你应稍微减速，以帮助对方车辆避开危险。",,,,,"What does this traffic sign mean?
1) Entry to an area where the maximum permissible speed limit is 50 km/h.
2) Compulsory steady speed of 50 km/h.
3) Exit from an area where the maximum permissible speed limit is 50 km/h.","这个交通标志（红色 50 标志）是什么意思？
√   1) 进入限速 50 的区域。最高限速 50 公里/小时的区域。
2) 强制匀速 50。
3) 离开（结束）",,,,,,,,,,,"What does this traffic sign mean?
1) Branch with a vertical road where priority from the left applies.
2) Branch with a vertical left road, those moving on which must give way.
3) Turn left ahead.","这个交通标志是什么意思：
1) 与垂直路口交汇，且适用左侧先行原则。
√ 2) 与左侧垂直支路交汇，支路上的车辆必须让行。
3) 前方左转。",,"What does this traffic sign mean?
1) Tree felling is forbidden.
2) Place where excursionists can stay.
3) Place for camping.","这个交通标志（树图案）是什么意思？
1) 禁止砍伐树木。
√  2) 游玩者停留地。
3) 露营地。",,,,,,,,,,,,,,"Has the private car, which has stopped on the right side of the road, violated the law?
1) YES
2) NO","停在道路右侧的私家车是否违法了（如挡住了路口或标志）？
√ 1) 是的
2) 不是",,,,,"What is the aim of the handbrake?
1) To immobilise the vehicle in case of parking and as an auxiliary brake where required.
2) To stop (brake) the car.
3) To start on a downhill.","手刹（Handbrake）的目的是：
√ 1) 在停车时使车辆保持静止，并在需要时作为辅助制动器。
2) 停止（制动）汽车。
3) 在下坡时启动。",,"Can you take the decision to overtake this lorry on the right?
1) Yes, because it is moving to the left.
2) No, because its right indicator is on.","你能决定从右侧超越这辆货车吗？
1) 可以，因为它正向左移动。
√ 2) 不可以，因为它的右转向灯亮着。",,,
,,,,,,,,,,,,,,,,,,,,,,,,,,,,,,,,,,,,,,,,,,,,,,,,,,,,,,,,,"In this case, if reversing is necessary:
1) The bus should reverse.
2) The lorry should reverse.","在这种情况下，如果需要倒车：
1) 公交车应该倒车。
√ 2) 货车应该倒车（货车给公交车让路）。",,,,,"What does this traffic sign mean?
1) Compulsory minimum speed of 50 km/h.
2) Maximum speed limit of 50 km/h.
3) Compulsory steady speed of 50 km/h.","这个交通标志（红圈内写有 50）是什么意思？
1) 强制最低限速 50。
√ 2) 最高限速 50 公里/小时。
3) 强制匀速 50。",,,,,,,,,,,"What does this traffic sign show?
1) The way to park a vehicle.
2) Dangerous haunch on the right.
3) On the right of the road there is a gutter with water.","这个交通标志显示什么？
1) 停放车辆的方式。
√ 2) 右侧有危险路肩。
3) 道路右侧有排水沟。",,"How many lanes does the opposite direction have in this traffic sign?
1) One.
2) Two.
3) Three.","这个交通标志显示对向有多少条车道？
1) 一条。
√ 2) 两条。
3) 三条。",,,,,,,,,,,,,,"If you car has stopped thus, should the side lights be on?
1) It is optional.
2) It is compulsory.
3) It is recommended.","如果你的车像这样停着（在暗处），侧灯是否应该开启？
1) 是可选的。
√ 2) 是强制性的。
3) 是建议的。",,,,,"How can you realize mainly that the fan does not work:
1) From the indications of the temperature gauge.
2) From the indications of the manometer or the engine lubrication oil pressure indication lamp.
3) From the engine noise","你主要如何发现散热风扇不工作？
√ 1) 通过温度表的示数变化。
2) 通过机油压力表或机油报警灯。
3) 通过发动机噪音。",,"As the lorry is entering the main lane from an acceleration lane, what can the driver of a passenger car that is moving in the right lane do, in order to contribute to traffic safety?
1) They can change lane or slow down so as to facilitate the lorry to enter the main lane.
2) They can move at the same speed parallelly and close to the lorry.","当货车从加速车道进入主干道时，右侧车道的小车司机可以做什么来贡献交通安全？
√ 1) 他们可以变换车道或减速，以方便货车并入主干道。
2) 他们可以靠近货车并保持并排同速行驶。",,,
,,,,,,,,,,,,,,,,,,,,,,,,,,,,,,,,,,,,,,,,,,,,,,,,,,,,,,,,,"In this road:
1) You can follow the bus that is overtaking.
2) You should wait for the bus to complete the overtaking so that you overtake.","在这条路上：
1) 你可以跟随正在超车的公交车。
√ 2) 你应等待公交车完成超车后再进行超车。",,,,,"What does this traffic sign mean?
1) No entry to vehicles or combinations of vehicles with a length of over 10 m.
2) No entry to lorries whose body is over 10 m long.
3) No entry to lorries with a distance of over 10 m between wheel axles.","这个交通标志（写有 10m 且带水平箭头）是什么意思？
√ 1) 禁止长度超过 10 米的车辆或车组进入。
2) 禁止车身长超过 10 米的货车进入。
3) 禁止轴距超过 10 米的货车进入。",,,,,,,,,,,"What should you do if you saw this traffic sign?
1) Reduce speed.
2) Be prepared to brake.
3) Give, at the next intersection, way to the vehicles that are coming from the right.","如果你看到这个交通标志，你应该怎么办？
1) 减速。
2) 准备制动。
√ 3) 在下一个路口，给来自右侧的车辆让行。",,"What does this traffic sign mean?
1) Mountaineering is permitted.
2) Pedestrian street.
3) Point where a walk is to start.","这个交通标志（拄拐杖的小人）是什么意思？
1) 准许登山。
2) 步行街。
√ 3) 徒步路线起点。",,,,,,,,,,,,,,"On which part of the road is parking allowed?
1) Between the traffic signs.
2) On a part other than that defined by the traffic signs.","在道路的哪个部分允许停车？
1) 在两个交通标志之间。
√ 2) 在交通标志划定的范围之外的部分。",,,,,"What is the aim of the thermostat?
1) It ensures fast air circulation, when it is on.
2) It maintains engine temperature over a certain level.
3) It obstructs water circulation, when this has been overheated.","恒温器（节温器）的作用是什么？
1) 开启时确保空气快速流通。
√ 2) 将发动机温度保持在一定水平以上。
3) 当水过热时阻断水循环。",,"You can overtake near a pedestrian crossing:
1) If no pedestrian is crossing it and if the traffic lights permit it.
2) Only if you intend to overtake a motorcycle.","你可以在人行横道附近超车：
√ 1) 如果没有行人正在过马路且信号灯允许。
2) 只有当你打算超越摩托车时。",,,
,,,,,,,,,,,,,,,,,,,,,,,,,,,,,,,,,,,,,,,,,,,,,,,,,,,,,,,,,"Can you overtake in this case?
1) YES
2) NO","在这种情况下（有禁止超车标志或实线）你可以超车吗？
√  1) 可以
2) 不可以",,,,,"Which prohibitions cease to have effect by this traffic sign?
1) Parking prohibition only.
2) Overtaking prohibition.
3) All local prohibitions imposed by prohibiting traffic signs.","这个交通标志（白底灰色三斜杠）使哪些禁令失效？
1) 仅限禁停标志。
2) 禁止超车标志。
√ 3) 由禁令标志施加的所有局部限制。",,,,,,,,,,,"What should you do if you saw this traffic sign?
1) Adjust the speed of the vehicle.
2) Move in the middle of the road.
3) Give way to oncoming traffic.","如果你看到这个交通标志，你应该怎么办？
√ 1) 调整车速。
2) 在道路中间行驶。
3) 给对向来车让行。",,"What does this traffic sign mean?
1) Camping is forbidden.
2) Approaching a tunnel.
3) Place for camping.","这个交通标志（帐篷图标）是什么意思？
1) 禁止露营。
2) 接近隧道。
√ 3) 露营地。",,,,,,,,,,,,,,"No traffic signs prohibit you from parking. Are you allowed to park thus?
1) YES
2) NO","没有标志禁止。允许这样停车吗？
1) 可以
√ 2) 不可以",,,,,"What should you do if the engine oil pressure lamp is on while the engine works?
1) Change engine oil.
2) Check the quantity of oil and fill it in, if necessary.
3) Replace the belt of the camshaft.","如果发动机运转时机油压力灯亮起，你应该怎么办？
1) 更换机油。
√ 2) 检查机油量，必要时加注。
3) 更换凸轮轴皮带。",,"You have stopped at the traffic lights before a pedestrian crossing. The green light of the pedestrian crossing becomes red. What should you do?
1) Be prepared to move off after the traffic light becomes green and you have made sure that no pedestrians are still crossing the road.
2) Move off as soon as the traffic light becomes green.","你在人行横道前的信号灯处停车。人行横道的绿灯变红了（你的灯变绿了）。你应该怎么办？
√ 1) 准备起步，但在确认没有行人仍在横穿马路后再行动。
2) 信号灯一变绿就立即起步。",,,
,,,,,,,,,,,,,,,,,,,,,,,,,,,,,,,,,,,,,,,,,,,,,,,,,,,,,,,,,"The red car is overtaking:
1) Its driver switched on the full beam headlights very early.
2) Its driver switched on the full beam headlights correctly.","红色车正在超车：
√   1) 其司机开启远光灯过早了。
2) 其司机开启远光灯的时机是正确的。",,,,,"What does this traffic sign mean?
1) No entry to tank-trucks.
2) No entry to vehicles carrying over a certain quantity of materials that may cause water pollution.
3) No entry to heavy vehicles because under the road surface there is a gutter with water.","这个交通标志（带水波纹和车辆图案）是什么意思？
1) 禁止罐装车进入。
√ 2) 禁止携带超过一定数量可能导致水污染材料的车辆进入。
3) 禁止重型车辆进入，因为路面下有水渠。",,,,,,,,,,,"What does this traffic sign mean?
1) Dangerous gutter on the right side of the road.
2) Dangerous raised road surface towards its two end sides.
3) Dangerous vertical gutter or steep hollow change of the lengthways gradient of the road.","这个交通标志是什么意思？
1) 道路右侧有危险排水沟。
2) 道路两端路面危险抬高。
√ 3) 危险的垂直排水沟或路面坡度剧烈的凹陷变化。",,"What does this traffic sign indicate?
1) Permissible speed limit.
2) Distance in kilometres.
3) Length of roads.","这个交通标志（km后带数字）指示：
1) 允许的速度限制。
√ 2) 公里距离。
3) 道路长度。",,,,,,,,,,,,,,"There is no yellow line on the pavement. Is the passenger car properly parked?
1) YES
2) NO","人行道上没有黄线。这辆客车停放得当吗？
1) 是的
√ 2) 不正确（弯道）",,,,,"What should the tyres of the same axle have?
1) Different type of tread but same extent of wear.
2) Different extent of wear as long as they have the same type of tread.
3) Same type of tread and same extent of wear.","同一轴上的两个轮胎应该具备什么？
1) 花纹类型不同但磨损程度相同。
2) 磨损程度不同但花纹类型相同。
√ 3) 相同的花纹类型和相同的磨损程度。",,"Should you allow the pedestrians to cross the road?
1) Yes, because it is compulsory according to the Highway Code and also because they are vulnerable.
2) No, because you can manoeuvre around them.","你应该允许行人过马路吗？
√ 1) 是的，因为交通规则强制要求，且他们属于弱势群体。
2) 不需要，因为你可以绕过他们行驶。",,,
,,,,,,,,,,,,,,,,,,,,,,,,,,,,,,,,,,,,,,,,,,,,,,,,,,,,,,,,,"In this case:
1) It is sensible not to overtake.
2) You can overtake.
3) You must not overtake.","在这种情况下：
1) 明智的做法是不超车。
2) 你可以超车。
√  3) 你必须不超车",,,,,"Which prohibitions cease to have effect by this traffic sign?
1) Prohibition of movement in a parallel row.
2) Parking prohibition.
3) Overtaking prohibition.","这个交通标志（两辆灰色轿车带斜杠）使哪项禁令失效？
1) 禁止平行排队行驶。
2) 禁止停车。
√ 3) 禁止超车。",,,,,,,,,,,"What does this traffic sign mean?
1) Danger due to an obstacle ahead of you.
2) Dangerously raised road surface.
3) Slippery road.","这个交通标志是什么意思？
1) 前方有障碍物产生的危险。
√ 2) 危险的路面凸起（驼峰）。
3) 易滑路面。",,"What does this traffic sign mean?
1) Parking caravans is forbidden.
2) Mobile repair workshop.
3) Place for caravans.","这个交通标志（拖挂房车图案）是什么意思？
1) 禁止房车停放。
2) 移动维修站。
√ 3) 房车（房车旅行者）停放地。",,,,,,,,,,,,,,"Is this car properly parked?
1) YES
2) NO","这辆车停放得当吗？
1) 是的
√ 2) 不正确",,,,,"During the movement of the car, you notice that this deviates from a straight course to one side. What is the possible cause?
1) Great difference in the wear of the front tyres.
2) Great difference in the air pressure of the front tyres.
3) Single-sided loading of the vehicle.","行驶中你发现车辆向一侧偏移，可能的原因是：
1) 前轮磨损差异很大。
√ 2) 前轮气压差异很大。
3) 车辆单侧载货。",,"What should you do in this case?
1) Continue your course.
2) Stop before the pedestrian crossing allowing the pedestrian to pass.
","在这种情况下你应该怎么办？
1) 继续行驶。
√ 2) 在人行横道前停车，允许行人通过。",,,
,,,,,,,,,,,,,,,,,,,,,,,,,,,,,,,,,,,,,,,,,,,,,,,,,,,,,,,,,"If necessary, must the ascending vehicle stop and reverse in order to give way to the descending car?
1) YES
2) NO","如果有必要，上坡车辆必须停车并倒车给下坡车让路吗？
1) 是的
√ 2) 不是（通常下坡车让上坡车，因为上坡起步难）",,,,,"What does this traffic sign mean?
1) End of all local restrictions imposed by traffic signs.
2) Exit from an area of prohibited parking.
3) Exit from an area of limited time parking.","这个交通标志（方块内有禁停标志且带斜杠）是什么意思？
1) 由交通标志施加的所有局部限制结束。
√ 2) 离开（结束）禁停区域。
3) 离开限时停车区域。",,,,,,,,,,,"What does this traffic sign indicate?
1) Compulsory direction for vehicles.
2) Direction-indication of dangerous curves.
3) Mobile obstacle due to road works.","这个交通标志指示什么？
1) 车辆强制行驶方向。
√ 2) 危险弯道的方向指示。
3) 道路施工产生的移动障碍物。",,"What does this traffic sign mean?
1) Bus or trolley-bus stop.
2) Place for bus parking.
3) No entry to buses.","这个交通标志（大巴图案）是什么意思？
√ 1) 公交车或无轨电车站。
2) 公交车停车场。
3) 公交车禁入。",,,,,,,,,,,,,,"You intend to park on the road of the picture one day of February. Which side of the road will you choose?
1) The left one.
2) The right one.","你打算在 2 月份（双数月）的某天停在图中的路上（路两边分别有I杠和II杠标志）。你会选择哪一边？
√ 1) 左边（即有I杠标志的那一边，因为那是单数月禁停，双数月可以停）。
2) 右边。",,,,,"You notice that one tyre of the car has lost air and you have to replace the wheel with a spare one. How should you unscrew the bolts which support the wheel?
1) Jack up the car and unscrew the bolts using the special spanner while the wheel is off the ground.
2) Unscrew the bolts with the special spanner while the wheel is touching the ground.","你发现一个轮胎漏气，需要更换备胎。你应该如何拧开轮毂螺栓？
1) 用千斤顶顶起车，在轮子离地时用专用扳手拧开。
√ 2) 在轮子接触地面时，先用专用扳手拧松螺栓。",,"The traffic light of the picture is steady green and there are flashing amber lights in the form of an arrow. You intend to go straight. What should you do?
1) Proceed carefully giving way to the pedestrians and vehicles that are still moving at the crossroads in accordance with the previous light.
2) Stop at the crossroads because there is a STOP traffic sign.","图中的信号灯为常绿，且有闪烁的黄色箭头。你打算直行。你应该怎么办？
√ 1) 小心前行，给仍根据之前信号灯在路口移动的行人和车辆让行。
2) 在路口停车，因为有 STOP 标志。",,,
,,,,,,,,,,,,,,,,,,,,,,,,,,,,,,,,,,,,,,,,,,,,,,,,,,,,,,,,,,,,,,,"What does this traffic sign mean?
1) Parking is forbidden in even months on the side where the sign is.
2) Parking is forbidden on both sides of the road.
3) Parking of vehicles with an even plates number is forbidden on the side where the sign is.","这个交通标志（带两个垂直白条的禁停标志）是什么意思？
√ 1) 在双数月份，标志所在的一侧禁止停车。
2) 道路两侧均禁止停车。
3) 车牌号为双数的车辆在标志侧禁停。",,,,,,,,,,,"What does this traffic sign mean?
1) Approaching an airport.
2) Danger due to dazzle from the headlights of an airplane.
3) Danger due to low flight of airplanes which land or take off.","这个交通标志是什么意思？
1) 接近机场。
2) 因飞机的灯光产生眩光的危险。
√ 3) 因飞机低空飞行（起降）产生的危险。",,"What does this traffic sign indicate?
1) Distance in kilometres.
2) Permissible speed limit.
3) Numbering of country roads.","这个交通标志指示：
√  1) 公里距离。
2) 允许的速度限制。
3) 乡村道路编号。",,,,,,,,,,,,,,"At which point are you permitted to park?
1) At a distance of over 12 m from the bus-stop.
2) At a distance of over 5 m from the bus-stop.
3) At any position other than in front of the bus-shelter","在哪个位置你是被准许停车的？
√ 1) 距离公交车站 12 米以上的地方。
2) 距离公交车站 5 米以上的地方。
3) 只要不在候车亭正前方，任何位置都可以。",,,,,"What kind of tyres should you fit to your car?
1) Those recommended by the technician of the repair workshop.
2) Those you think that fit your car better.
3) Those recommended by the manufacturer of the car.","你应该为汽车安装什么样的轮胎？
1) 修理厂技术人员推荐的。
2) 你认为更适合你车的。
√ 3) 汽车制造商推荐的。",,"What should you be careful about in this case?
1) There is a danger due to the frequent passage of children.
2) There is a danger due to the passage of pedestrians.","在这种情况下你应该注意什么？
√ 1) 由于儿童频繁经过，存在危险。
2) 由于行人经过，存在危险。",,,
,,,,,,,,,,,,,,,,,,,,,,,,,,,,,,,,,,,,,,,,,,,,,,,,,,,,,,,,,"侧向距离：超越行人、自行车、动物，必须留出至少 1 米。
","右侧超车：在希腊，只有当前车明确要左转且已经移到路左边时，你才被允许从右边超过去。
",,,,,"Which prohibitions cease to have effect by this traffic sign?
1) Prohibition of exceeding the speed limit of 40 km/h.
2) Prohibition of driving a vehicle at a distance of less than 40 m from the leading vehicle.
3) Prohibition of the entry of a vehicle with a total weight of over 40 tons.","这个交通标志（灰色 40 标志带斜杠）使哪项禁令失效？
√ 1) 禁止超过 40 公里/小时限速的禁令。
2) 禁止与前车距离小于 40 米的禁令。
3) 禁止总重超过 40 吨车辆进入的禁令。",,,,,,,,,,,"What does this traffic sign mean?
1) Entry to a priority road.
2) Approaching traffic lights which do not work.
3) Caution! Junction or position where traffic is regulated by three-colour traffic lights.","这个交通标志是什么意思？
1) 进入优先权道路。
2) 接近不工作的红绿灯。
√ 3) 注意！由三色信号灯调节交通的路口。",,"What does this traffic sign mean?
1) Place for camping and caravans.
2) Place for caravans.
3) Mountain refuge.","这个交通标志（帐篷加房车图标）是什么意思？
√ 1) 露营地和房车停放地。
2) 房车停放地。
3) 登山避难所。",,,,,,,,,,,,,,"The distance of a passenger car from the traffic lights of the picture is 15 m. Is parking allowed at the point the car is?
1) YES
2) NO","一辆轿车距离图中信号灯的距离是 15 米。该车所在的位置允许停车吗？
1) 可以
√ 2) 不可以（法定距离是 20 米以上）。",,,,,"If the fuse of an electrical circuit (e.g. lights) of your car is blown, what should you do?
1) Replace it with a new one of less ampere.
2) Replace it with a new one of more ampere.
3) Replace it with a new one of the same ampere.","如果电路（如灯光）的保险丝烧断，你应该：
1) 更换一个安培数较小的新保险丝。
2) 更换一个安培数较大的新保险丝。
√ 3) 更换一个安培数相同的新保险丝。",,"You are moving in the middle lane of the road. What should you be very careful about and what should you do in this case?
1) You should be careful of the pedestrians and continue without slowing down.
2) You should be careful of the passenger car that is moving from the left lane to the middle lane and, if necessary, slow down.","你正在道路中间车道行驶。在这种情况下你应该注意什么？
1) 你应该注意行人并在不减速的情况下继续。
√ 2) 你应该注意从左侧车道移向中间车道的轿车，并在必要时减速。",,,
,,,,,,,,,,,,,,,,,,,,,,,,,,,,,,,,,,,,,,,,,,,,,,,,,,,,,,,,,"窄路/坡道倒车规则（非常爱考）：
客车（小车） vs 货车（大车）：小车倒车（因为小车灵活）。
单车 vs 拖挂车：单车倒车（因为拖挂车倒车极难）。
上坡 vs 下坡：下坡车让上坡车（因为上坡车停车后再起步容易熄火或后溜）。
货车 vs 公交车：货车倒车（公交车优先）。","超车观察：如果你在车队里，必须是最靠近前车的那辆先超。
",,,,,"What does this traffic sign mean?
1) No entry to vehicles carrying over a certain quantity of explosive or inflammable materials.
2) No entry to vehicles with a load that juts out from its sides.
3) No entry to vehicles powered by liquid gas.","这个交通标志（带有爆炸火球图案）是什么意思？
√ 1) 禁止携带超过一定数量爆炸性或易燃材料的车辆进入。
2) 禁止载货超出车侧的车辆进入。
3) 禁止液化气动力车辆进入。",,,,,,,,,,,"What does this traffic sign mean?
1) Compulsory direction of vehicles.
2) Direction – indication of dangerous curves.
3) Mobile obstacle on the road due to works.","这个交通标志是什么意思？
1) 车辆强制行驶方向。
2) 危险弯道的方向指示。
√  3) 道路施工在路上的移动障碍物。",,"What does this traffic sign mean?
1) Beginning of an inhabited area.
2) Approaching the capital city of a prefecture.
3) Place name.","这个交通标志（蓝色或白色矩形带地名）是什么意思？
√  1) 居住区开始。
2) 接近州首府城市。
3) 地名标志。",,,,,,,,,,,,,,"You intend to park in the road of the picture on one day in July. Which side of the road should you choose?
1) The left one.
2) The right one.","你打算在 7 月份（单数月）的某天停在图中的路上。你会选择哪一边？
1) 左边。
√ 2) 右边（即有II杠标志的那一边，因为那是双数月禁停，单数月可以停）。",,,,,"When there is lack of refrigerating fluid in the radiator of a car or the belt of the ventilator is cut or loose or there is lack of engine oil, what is the possible indication to be shown on the dashboard?
1) Regular temperature.
2) High temperature.
3) Low temperature.","当散热器缺少冷却液、风扇皮带断裂/松动或缺少机油时，仪表盘上显示的指示是什么？
1) 温度正常。
√ 2) 高温。
3) 低温。",,"In the road you are moving you see a volunteer school crossing patrol being in this position. What should you do?
1) Sound the horn so that they move away from the road for you to pass.
2) Stop before the lines of the pedestrian crossing and wait until the students pass and the school crossing patrol gives a signal for you to pass.","你在路上看到一名学校交通协管员处于此位置（举牌拦截）。你应该怎么办？
1) 鸣笛让他们离开马路以便你通过。
√ 2) 在人行横道线前停车，等待学生通过且协管员给出你可以通行的信号。",,,
,,,,,,,,,,,,,,,,,,,,,,,,,,,,,,,,,,,,,,,,,,,,,,,,,,,,,,,,,"结束超车：必须在后视镜里看到被超车辆的全貌后，再打灯切回原车道。
",,,,,,"What does this traffic sign mean?
1) Parking is forbidden in odd months on the side where the sign is.
2) Parking is forbidden on odd days on the side where the sign is.
3) Parking of vehicles with an odd plates number is forbidden on the side where the sign is.","这个交通标志（带一个垂直白条的禁停标志）是什么意思？
√ 1) 在单数月份，标志所在的一侧禁止停车。
2) 在单数日期，标志所在的一侧禁止停车。
3) 车牌号为单数的车辆在标志侧禁停。",,,,,,,,,,,"What does this traffic sign mean?
1) Dangerous gravel throwing.
2) Caution! Mud throwing.
3) Danger due to the fall of rocks on the road.","这个交通标志是什么意思？
√ 1) 危险的碎石飞溅。
2) 注意！泥浆飞溅。
3) 道路上有落石危险。",,"What does this traffic sign mean?
1) Successive directional arrows placed on dangerous curves of main arteries.
2) Warning of direction of vehicles due to works.
3) Compulsory direction of vehicles.","这个交通标志（连续的V形箭头）是什么意思？
√ 1) 放置在主要干道危险弯道上的连续方向引导箭头。
2) 因施工而进行的车辆方向预告。
3) 车辆强制方向。",,,,,,,,,,,,,,"Why are you not allowed to stop on the right part of the street?
1) Because it is a two-way street.
2) Because there is a traffic sign that prohibits waiting and parking as well as a continuous yellow line at the edge of the street.","为什么你被禁止在街道右侧临时停车？
1) 因为这是一条双向街道。
√ 2) 因为那里有禁止临时停车和泊车的标志，且路边有黄色实线。",,,,,"During winter mainly in order to prevent engine cracks, what kind of fluid should you pour into the radiator of the engine?
1) Distilled water.
2) Anti-freeze fluid.
3) Tap water.","冬季为了防止发动机开裂（冻裂），你应该向散热器注入什么液体？
1) 蒸馏水。
√ 2) 防冻液（Anti-freeze）。
3) 自来水。",,"Which vehicles must wait for the pedestrians to pass safely?
1) Vehicles 1 and 3.
2) Vehicles 2 and 3.
3) Vehicles 1, 2 and 3.","哪些车辆必须等待行人安全通过？
1) 车辆 1 和 3。
2) 车辆 2 和 3。
√ 3) 车辆 1、2 和 3。",,,
,,,,,,,,,,,,,,,,,,,,,,,,,,,,,,,,,,,,,,,,,,,,,,,,,,,,,,,,,,,,,,,"What does this traffic sign mean?
1) Drivers of lorries must not overtake other vehicles.
2) End of overtaking prohibition imposed on lorries by a traffic sign.
3) No entry to motor vehicles.","这个交通标志（一辆灰色货车和一辆灰色轿车带斜杠）是什么意思？
1) 货车司机不得超车。
√ 2) 结束之前由标志施加的货车禁止超车限制。
3) 禁止机动车进入。",,,,,,,,,,,"What does this traffic sign mean?
1) Danger from the passage of wild animals.
2) Deer hunting is forbidden.
3) Approaching a zoo.","这个交通标志是什么意思？
√ 1) 野生动物经过的危险。
2) 禁止猎鹿。
3) 接近动物园。",,"What does this traffic sign mean?
1) Area where parking is forbidden.
2) End of a residential area.
3) Passing through the centre of the city is forbidden.","这个交通标志（地名加红色对角斜杠）是什么意思？
1) 禁止泊车区域。
√ 2) 居住区（城镇）结束。
3) 禁止通过市中心。",,,,,,,,,,,,,,,,,,,,"When you notice an engine overheating on the dashboard, which of the following causes are possible?
1) Lack of refrigerating fluid.
2) Excessive use of the heating system.
3) Malfunction of the air-conditioning.","当你在仪表盘看到发动机过热提示，以下哪项是可能的原因？
√ 1) 缺少冷却液。
2) 过度使用加热系统。
3) 空调故障。",,,,,,
,,,,,,,,,,,,,,,,,,,,,,,,,,,,,,,,,,,,,,,,,,,,,,,,,,,,,,,,,,,,,,,"Which vehicles does this traffic sign concern?
1) Vehicles carrying over a certain quantity of explosive or inflammable materials.
2) Vehicles carrying over a certain quantity of materials that may cause water pollution.
3) Vehicles carrying hazardous materials.","这个（爆炸火球图案）标志涉及哪些车辆？
√  1) 携带爆炸性或易燃材料的车辆。
2) 携带可能导致水污染材料的车辆。
3) 携带危险材料（ hazardous materials）的车辆。",,,,,,,,,,,"What does this traffic sign mean?
1) Danger from the passage of domestic animals.
2) Danger from the possible passage of herds of cows.
3) Approaching a place where domestic animals are bred.","这个交通标志是什么意思？
√ 1) 家畜经过的危险。
2) 可能有牛群经过的危险。
3) 接近家畜养殖场。",,"What does this traffic sign mean?
1) Tourist Information.
2) Telephone.
3) Place for camping.","这个交通标志（带有“i”字母）是什么意思？
√ 1) 旅游咨询处。
2) 电话。
3) 露营地。",,,,,,,,,,,,,,5 米：离消火栓、行人横道的距离。,"10 米：离十字路口、STOP/优先权标志的距离。
",,,,,"When the car engine presents interruptions during its operation, which are not due to a lack of petrol, which of the following causes is more possible?
1) Malfunction of the electrical circuit of the car.
2) Defective battery.
3) The engine has been overheated.","当发动机运行出现中断（且不是因为没油）时，以下哪种原因最有可能？
√ 1) 汽车电路故障。
2) 蓄电池损坏。
3) 发动机过热。",,"紧急车辆：在希腊，只有开启了警笛或警灯的车辆才拥有绝对优先权。
","行人优先：在没有红绿灯的人行横道，行人是绝对优先的。
",,,
,,,,,,,,,,,,,,,,,,,,,,,,,,,,,,,,,,,,,,,,,,,,,,,,,,,,,,,,,,,,,,,"Which vehicles does this traffic sign concern?
1) Vehicles carrying over a certain quantity of explosive or inflammable materials.
2) Vehicles carrying over a certain quantity of materials that may cause water pollution.
3) Vehicles carrying hazardous materials.","这个（带水波纹和车辆图案）标志涉及哪些车辆？
1) 携带超过一定数量爆炸性或易燃材料的车辆。
√  2) 携带可能导致水污染材料的车辆。
3) 携带危险材料的车辆。",,,,,,,,,,,"What does this traffic sign mean?
1) Road without protective bars.
2) On the right of the road there is a beach.
3) The road leads to a dock or river-bank.","这个交通标志是什么意思？
1) 道路没有防护栏。
2) 道路右侧是沙滩。
√ 3) 道路通往码头或岸边。",,"What should you do if you saw this traffic sign?
1) Approach carefully the pedestrian crossing and give way to the pedestrians.
2) Speed up so as to pass before the pedestrians.
3) Stop on the pedestrian crossing.","如果你看到这个交通标志（人行横道线）你应该怎么办？
√ 1) 小心靠近人行横道并给行人让行。
2) 加速以便在行人之前通过。
3) 停在人行横道线上。",,,,,,,,,,,,,,"12 米：离公交车站的距离。
","20 米：离红绿灯、铁路道口（无看守）的距离。
",,,,,"In the event that you realize that the footbrake pedal is very elastic, which of the following causes is more possible?
1) A leak of brake fluids or very low level of brake fluids.
2) The friction surfaces may be wet.
3) The friction surfaces may have been destroyed.","如果你发现踩下脚刹车踏板感觉非常软（有弹性），最可能的原因是：
√ 1) 刹车油泄漏或刹车油位极低。
2) 摩擦表面（刹车片）可能是湿的。
3) 摩擦表面已被破坏。",,"防御性驾驶：这是希腊驾考的核心哲学，即“预防他人的错误”。
","学校协管员 (School Crossing Patrol)：他们的手势具有法律效力，不听从指挥等同于闯红灯。
",,,
,,,,,,,,,,,,,,,,,,,,,,,,,,,,,,,,,,,,,,,,,,,,,,,,,,,,,,,,,,,,,,,,,,,,,,,,,,,,,,"What does this traffic sign mean?
1) Swimming is forbidden.
2) Swimming area.
3) Place for camping.","这个交通标志（游泳图标）是什么意思？
1) 禁止游泳。
√ 2) 游泳区（海滩）。
3) 露营地。",,,,,,,,,,,,,,"单双月禁停标志 (P-39/P-40)：
I (一杠)：单数月（1,3,5,7,9,11）禁停。
II (两杠)：双数月（2,4,6,8,10,12）禁停。
考试技巧： 题目问你在2月（双数月）停哪？你要找只有“一杠”的标志那一侧停。","坡道停车：
车头朝上坡：挂 1 档。
车尾朝上坡（车头朝下）：挂 倒档 (Reverse)。",,,,,"Why should you regularly check the quantity (level) of engine oil?
1) So as not to miss guarantee of the vehicle.
2) So as to check whether it needs to be changed.
3) For any leaks or excessive oil combustion by the engine.","为什么要定期检查机油量？
1) 为了不失去车辆保修。
2) 为了检查是否需要更换。
√ 3) 为了检查是否有泄漏或发动机机油燃烧过度。",,"快速路故障：三角牌距离是 100米。住宅区是 20米，郊区是 50米。
",,,,
,,,,,,,,,,,,,,,,,,,,,,,,,,,,,,,,,,,,,,,,,,,,,,,,,,,,,,,,,,,,,,,"单/双月停车 (P-39/P-40)：
标志里有一个白杠 (I)：单数月份 (1, 3, 5, 7, 9, 11月) 禁停。
标志里有两个白杠 (II)：双数月份 (2, 4, 6, 8, 10, 12月) 禁停。","解除限制 (End signs)：只要看到标志变成了灰色并带斜线，就代表之前的禁令（限速、禁超）结束了。
",,,,,,,,,,,,,,"What does this traffic sign mean?
1) Shipyard.
2) Seaport.
3) Area of ship passage.","这个交通标志（大船图案）是什么意思？
1) 造船厂。
√ 2) 海港。
3) 船只经过区域。",,,,,,,,,,,,,,,,,,,,"When driving your car you realize that suddenly some lights do not switch on, what may happen?
1) A battery failure.
2) The fuse of the relevant electrical circuit has blown.
3) An engine failure.","驾驶中你发现突然有些灯不亮了，可能发生了什么？
1) 蓄电池故障。
√ 2) 相关电路的保险丝烧断了。
3) 发动机故障。",,,,,,
,,,,,,,,,,,,,,,,,,,,,,,,,,,,,,,,,,,,,,,,,,,,,,,,,,,,,,,,,,,,,,,"重量与尺寸：
数字在车轴位置：轴重限制。
数字在侧面有箭头：宽度限制。
数字在上下有箭头：高度限制。
数字带 t：总重量限制。","禁止进入 (P-7/P-8)：
红圈白底：双向禁止。
红底白杠：单向禁止进入（通常你是逆行了）。",,,,,,,,,,,,,,"What does this traffic sign mean?
1) Country clinic.
2) Hospital (for avoiding or reducing any unnecessary noise).
3) First Aid Station.","这个交通标志（红十字加床）是什么意思？
1) 乡村诊所。
√ 2) 医院（提醒避免或减少不必要的噪音）。
3) 急救站。",,,,,,,,,,,,,,,,,,,,"What does size 15 indicate on a tyre 175/70 R15 87T?
1) External diameter of the tyre.
2) Diameter of the wheel-rim to which the tyre can be fit.
3) Maximum load the tyre can bear.","轮胎规格 175/70 R15 87T 中的数字 15 代表什么？
1) 轮胎外径。
√ 2) 轮胎匹配的轮毂（轮圈）直径。
3) 轮胎可承受的最大载荷。",,,,,,
,,,,,,,,,,,,,,,,,,,,,,,,,,,,,,,,,,,,,,,,,,,,,,,,,,,,,,,,,,,,,,,,,,,,,,,,,,,,,,"What does this traffic sign mean?
1) Place for caravans.
2) Hotel.
3) Sanitary facilities.","这个交通标志（WC图案）是什么意思？
1) 房车停留地。
2) 酒店。
√ 3) 卫生设施（厕所）。",,,,,,,,,,,,,,,,,,,,"The tyres of your vehicle are very worn on the middle of the tread. It is very likely that:
1) There was a high tyre pressure for a long period.
2) There was a low tyre pressure for a long period.
3) This is the normal type of wear.","你的轮胎花纹中部磨损非常严重。最可能的原因是：
√ 1) 长期气压过高（打气太足）。
2) 长期气压过低。
3) 这是正常的磨损。",,,,,,
,,,,,,,,,,,,,,,,,,,,,,,,,,,,,,,,,,,,,,,,,,,,,,,,,,,,,,,,,,,,,,,,,,,,,,,,,,,,,,"What does this traffic sign mean?
1) One-way street.
2) Go straight ahead.
3) Approaching an uphill stretch of a road.","这个交通标志（蓝色方块内白色直箭头）是什么意思？
√ 1) 单行道。
2) 只能直行。
3) 接近上坡路段。",,,,,,,,,,,,,,,,,,,,"When you notice on the dashboard that the engine has been overheated, which of the following is the possible cause?
1) Malfunction of the distributor.
2) Malfunction of the thermostat.
3) Malfunction of the brakes.","当你注意到仪表盘显示发动机过热，以下哪项是可能的原因？
1) 分电器故障。
√ 2) 节温器（恒温器）故障。
3) 刹车故障。",,,,,,
,,,,,,,,,,,,,,,,,,,,,,,,,,,,,,,,,,,,,,,,,,,,,,,,,,,,,,,,,,,,,,,,,,,,,,,,,,,,,,"What does this traffic sign mean?
1) Approaching a radio station.
2) Radio frequency that provides information on road traffic.
3) Residential area.","这个交通标志（带有无线电波或频率）是什么意思？
1) 接近广播电台。
√ 2) 提供路况信息的广播频率。
3) 住宅区。",,,,,,,,,,,,,,,,,,,,"While driving you notice that the temperature gauge of your vehicle shows a fast temperature raise. The most possible cause of this is:
1) The level of engine lubrication oil is low.
2) The sparking plugs have oil.
3) The belt of the fan is broken.","行驶中你发现水温表显示温度快速升高。最可能的原因是：
1) 润滑油位过低。
2) 火花塞有油污。
√ 3) 风扇皮带断裂。",,,,,,
,,,,,,,,,,,,,,,,,,,,,,,,,,,,,,,,,,,,,,,,,,,,,,,,,,,,,,,,,,,,,,,,,,,,,,,,,,,,,,"What does this traffic sign mean?
1) One-way street.
2) Turn right.
3) Dangerous right bend.","这个交通标志（蓝色方块内白色右箭头）是什么意思？
√ 1) 单行道（右向）。
2) 右转。
3) 危险右弯。",,,,,,,,,,,,,,,,,,,,"The emission of smoke from a diesel-engined passenger car may be due:
1) A blocked air filter.
2) A failure of the injection system.
3) A blocked fuel filter.","柴油轿车冒烟可能是因为：
1) 空气滤清器堵塞。
√   2) 喷油系统故障。
3) 燃油滤清器堵塞。",,,,,,
,,,,,,,,,,,,,,,,,,,,,,,,,,,,,,,,,,,,,,,,,,,,,,,,,,,,,,,,,,,,,,,,,,,,,,,,,,,,,,"What does this traffic sign mean?
1) Tunnel.
2) Train crossing.
3) Railway station.","这个交通标志（黑色拱门图标）是什么意思？
√ 1) 隧道。
2) 火车道口。
3) 火车站。",,,,,,,,,,,,,,,,,,,,"What happens when you are driving with a very low tyre pressure?
1) The tyres may be damaged due to overheating.
2) Driving stability is reduced.
3) Tyres last longer.","如果以极低的轮胎气压行驶会发生什么？
√ 1) 轮胎可能因过热而损坏。
2) 行驶稳定性降低。
3) 轮胎寿命更长。",,,,,,
,,,,,,,,,,,,,,,,,,,,,,,,,,,,,,,,,,,,,,,,,,,,,,,,,,,,,,,,,,,,,,,,,,,,,,,,,,,,,,"What does this traffic sign mean?
1) Airport.
2) Danger due to low flight of airplanes.
3) Area of airplane flight.","这个交通标志（飞机图标）是什么意思？
√ 1) 机场。
2) 因飞机低空飞行产生的危险。
3) 飞机飞行区域。",,,,,,,,,,,,,,,,,,,,"Who is responsible for the good condition of a vehicle that has a licence?
1) The owner or holder of the car.
2) The insurance company.
3) The driver.","谁对有牌照车辆的良好状况负责？
√ 1) 车主或持有人。
2) 保险公司。
3) 驾驶员。",,,,,,
,,,,,,,,,,,,,,,,,,,,,,,,,,,,,,,,,,,,,,,,,,,,,,,,,,,,,,,,,,,,,,,,,,,,,,,,,,,,,,"What does this traffic sign mean?
1) Parking lot for passenger cars.
2) Expressway.
3) No route for passenger cars.","这个交通标志（汽车图标）是什么意思？
1) 客车停车场。
√ 2) 快速路（Expressway）。
3) 客车禁行。",,,,,,,,,,,,,,,,,,,,"What may happen if the wheels of the same axle present dissimilar braking?
1) The vehicle may slide laterally.
2) The wheel which does not brake well is immobilised first.
3) The braking distance is shorter.","如果同一车轴上的车轮制动力不均匀会发生什么？
√ 1) 车辆可能会发生侧滑（甩尾）。
2) 制动不好的轮子先停下。
3) 刹车距离更短。",,,,,,
,,,,,,,,,,,,,,,,,,,,,,,,,,,,,,,,,,,,,,,,,,,,,,,,,,,,,,,,,,,,,,,,,,,,,,,,,,,,,,"What does this traffic sign mean?
1) Airport.
2) Heliport.
3) Area of airplanes flight.","这个交通标志（直升机图标）是什么意思？
1) 机场。
√ 2) 直升机场。
3) 飞机飞行区域。",,,,,,,,,,,,,,,,,,,,"How often must the periodical technical control of a private passenger car be carried out?
1) Every four years.
2) Every two years.
3) Every year.","私家轿车的定期技术检测（KTEO/年检）应该多久进行一次？
1) 每四年一次。
√ 2) 每两年一次（注：新车首次年检通常在4年后，之后每2年一次）。
3) 每年一次。",,,,,,
,,,,,,,,,,,,,,,,,,,,,,,,,,,,,,,,,,,,,,,,,,,,,,,,,,,,,,,,,,,,,,,,,,,,,,,,,,,,,,"What does this traffic sign mean?
1) No route for passenger cars.
2) Parking of passenger cars is forbidden.
3) End of an expressway.","这个交通标志（快速路图标加红色斜杠）是什么意思？
1) 客车禁行。
2) 禁止客车停放。
√ 3) 快速路结束。",,,,,,,,,,,,,,,,,,,,,,,,,,,
,,,,,,,,,,,,,,,,,,,,,,,,,,,,,,,,,,,,,,,,,,,,,,,,,,,,,,,,,,,,,,,,,,,,,,,,,,,,,,"What does this traffic sign mean?
1) Beginning of an inhabited area which has been characterised as an area of mild traffic.
2) Approaching a children’s playground.","这个交通标志（蓝色方块内有小孩玩耍和房子）是什么意思？
√ 1) 居住区（城镇区域）开始，该区域被定为低速交通区（生活区）。
2) 接近儿童游乐场。",,,,,,,,,,,,,,,,,,,,"轮胎磨损：
中间磨损：气压太高。
两侧磨损：气压太低。","冒烟颜色：
蓝烟：烧机油。
黑烟：燃烧不完全（通常是空滤堵了或喷油问题）。",,,,,,
,,,,,,,,,,,,,,,,,,,,,,,,,,,,,,,,,,,,,,,,,,,,,,,,,,,,,,,,,,,,,,,,,,,,,,,,,,,,,,"How should you drive if you meet this traffic sign?
1) At a very low speed not exceeding 20 km/h.
2) At a very low speed not exceeding 50 km/h.","如果你遇到这个标志（蓝色方块内有小孩玩耍和房子），你应该如何驾驶？
√ 1) 以极低速度行驶，不超过 20 公里/小时。
2) 以极低速度行驶，不超过 50 公里/小时。",,,,,,,,,,,,,,,,,,,,"皮带故障：风扇皮带或水泵皮带断了，最直接的结果就是发动机过热 (Overheating)。
","紧急修理：拧螺栓要落地拧（安全第一），换保险丝要等安培。
",,,,,,
,,,,,,,,,,,,,,,,,,,,,,,,,,,,,,,,,,,,,,,,,,,,,,,,,,,,,,,,,,,,,,,,,,,,,,,,,,,,,,"Should you park your car in places where there is such traffic sign?
1) Yes, if there is no traffic sign that prohibits parking.
2) No, unless there is a special traffic sign that allows parking.
3) Yes, if you domicile in this area.","你应该在有这种标志（蓝色方块内有小孩玩耍和房子）的地方停车吗？
1) 可以，如果没有禁止停车的标志。
√ 2) 不可以，除非有特别允许泊车的标志。
3) 可以，如果你居住在该区域。",,,,,,,,,,,,,,,,,,,,,,,,,,,
,,,,,,,,,,,,,,,,,,,,,,,,,,,,,,,,,,,,,,,,,,,,,,,,,,,,,,,,,,,,,,,,,,,,,,,,,,,,,,"What does this traffic sign mean?
1) Traffic is regulated by a Traffic Policeman.
2) Traffic is regulated by a School Crossing Patrol.","这个交通标志（身穿黄背心的人拿牌子）是什么意思？
1) 交通由交通警察调节。
√ 2) 交通由学校交通协管员（School Crossing Patrol）调节。",,,,,,,,,,,,,,,,,,,,,,,,,,,
,,,,,,,,,,,,,,,,,,,,,,,,,,,,,,,,,,,,,,,,,,,,,,,,,,,,,,,,,,,,,,,,,,,,,,,,,,,,,,"If you meet this traffic sign, what will you expect to see?
1) You are near a school and any time of the day you may meet a School Crossing Patrol.
2) You are near a school and during the hours students arrive in and depart from the school a School Crossing Patrol may regulate traffic.","如果你遇到这个标志，你会预期看到什么？
1) 你在学校附近，全天任何时候都可能遇到学校协管员。
√ 2) 你在学校附近，在学生上下学期间，学校协管员可能会调节交通。",,,,,,,,,,,,,,,,,,,,,,,,,,,
,,,,,,,,,,,,,,,,,,,,,,,,,,,,,,,,,,,,,,,,,,,,,,,,,,,,,,,,,,,,,,,,,,,,,,,,,,,,,,"What does this traffic sign mean?
1) Caution! Vehicles carrying hazardous materials may cause water pollution.
2) Vehicles carrying hazardous loads must turn left.
3) Vehicles carrying hazardous loads are prohibited from following the direction.","这个交通标志（带有水波纹和橙色方块背景）是什么意思？
√ 1) 注意！携带危险材料的车辆可能引起水污染。
2) 携带危险货物的车辆必须左转。
3) 携带危险货物的车辆禁止沿此方向行驶。",,,,,,,,,,,,,,,,,,,,,,,,,,,
,,,,,,,,,,,,,,,,,,,,,,,,,,,,,,,,,,,,,,,,,,,,,,,,,,,,,,,,,,,,,,,,,,,,,,,,,,,,,,,,,,,,,,,,,,,,,,,,,,,,,,,,,,
,,,,,,,,,,,,,,,,,,,,,,,,,,,,,,,,,,,,,,,,,,,,,,,,,,,,,,,,,,,,,,,,,,,,,,,,,,,,,,"单行道区别：蓝色正方形白箭头是信息标志（单行道）；蓝色圆形白箭头是强制标志（必须往那个方向开）。
","限速标志颜色：
蓝色正方形白字（如60）：建议时速。
红色圆圈黑字（如50）：最高限速（严禁超过）。
蓝色圆圈白字（如30）：最低限速（严禁慢于）。",,,,,,,,,,,,,,,,,,,,,,,,,,,
,,,,,,,,,,,,,,,,,,,,,,,,,,,,,,,,,,,,,,,,,,,,,,,,,,,,,,,,,,,,,,,,,,,,,,,,,,,,,,"居住区/生活区 (Residential/Mild Traffic Area)：看到蓝色标志上有房子、小孩和车，代表进入了低速区。法律规定限速 20 公里/小时，且除非有 P 标志，否则严禁泊车。
","学校协管员：在希腊看到穿黄背心举着 STOP 牌的人，他们是学校协管员，拥有类似交警的权力，你必须听从指挥停车让学生过马路。
",,,,,,,,,,,,,,,,,,,,,,,,,,,
